expr_id,cond_id,para_nr,word,word_nr,response_true,response_chosen,correctness,first_duration,total_duration,gaze_duration,right_bounded_rt,right_bounded_rt2,go_pass_time,FPFix,FPReg
1,1,1,The,0,No,No,1,550.0,550.0,550.0,550.0,550,550.0,1,0
1,1,1,witness,1,No,No,1,428.0,428.0,428.0,428.0,428,428.0,1,0
1,1,1,identified,2,No,No,1,371.0,371.0,371.0,371.0,371,371.0,1,0
1,1,1,the,3,No,No,1,0.0,0.0,0.0,0.0,0,0.0,0,0
1,1,1,man,4,No,No,1,380.0,380.0,380.0,380.0,380,380.0,1,0
1,1,1,and,5,No,No,1,0.0,0.0,0.0,0.0,0,0.0,0,0
1,1,1,his,6,No,No,1,0.0,0.0,0.0,0.0,0,0.0,0,0
1,1,1,wife,7,No,No,1,525.0,525.0,525.0,525.0,525,525.0,1,0
1,1,1,ran,8,No,No,1,0.0,0.0,0.0,0.0,0,0.0,0,0
1,1,1,away,9,No,No,1,550.0,550.0,550.0,550.0,550,550.0,1,0
1,1,1,from,10,No,No,1,0.0,0.0,0.0,0.0,0,0.0,0,0
1,1,1,the,11,No,No,1,0.0,0.0,0.0,0.0,0,0.0,0,0
1,1,1,police,12,No,No,1,750.0,750.0,750.0,750.0,750,750.0,1,0
1,1,1,station.,13,No,No,1,0.0,0.0,0.0,0.0,0,0.0,0,0
1,1,2,Jenny,0,No,No,1,425.0,425.0,425.0,425.0,425,425.0,1,0
1,1,2,talked,1,No,No,1,0.0,0.0,0.0,0.0,0,0.0,0,0
1,1,2,to,2,No,No,1,0.0,0.0,0.0,0.0,0,0.0,0,0
1,1,2,the,3,No,No,1,601.0,601.0,601.0,601.0,601,601.0,1,0
1,1,2,reporter,4,No,No,1,329.0,329.0,329.0,329.0,329,329.0,1,0
1,1,2,and,5,No,No,1,0.0,0.0,0.0,0.0,0,0.0,0,0
1,1,2,the,6,No,No,1,0.0,0.0,0.0,0.0,0,0.0,0,0
1,1,2,photographer,7,No,No,1,821.0,821.0,821.0,821.0,821,821.0,1,0
1,1,2,took,8,No,No,1,0.0,0.0,0.0,0.0,0,0.0,0,0
1,1,2,pictures,9,No,No,1,609.0,609.0,609.0,609.0,609,609.0,1,0
1,1,2,of,10,No,No,1,197.0,197.0,197.0,197.0,197,197.0,1,0
1,1,2,the,11,No,No,1,0.0,0.0,0.0,0.0,0,0.0,0,0
1,1,2,scene.,12,No,No,1,257.0,257.0,257.0,257.0,257,257.0,1,0
1,1,3,The,0,Yes,Yes,1,550.0,550.0,550.0,550.0,550,550.0,1,0
1,1,3,robber,1,Yes,Yes,1,0.0,0.0,0.0,0.0,0,0.0,0,0
1,1,3,shot,2,Yes,Yes,1,0.0,0.0,0.0,0.0,0,0.0,0,0
1,1,3,the,3,Yes,Yes,1,0.0,0.0,0.0,0.0,0,0.0,0,0
1,1,3,jeweler,4,Yes,Yes,1,401.0,401.0,401.0,401.0,401,401.0,1,0
1,1,3,and,5,Yes,Yes,1,574.0,574.0,574.0,574.0,574,574.0,1,0
1,1,3,the,6,Yes,Yes,1,0.0,0.0,0.0,0.0,0,0.0,0,0
1,1,3,salesman,7,Yes,Yes,1,521.0,521.0,521.0,521.0,521,521.0,1,0
1,1,3,reported,8,Yes,Yes,1,599.0,599.0,599.0,599.0,599,599.0,1,0
1,1,3,the,9,Yes,Yes,1,0.0,0.0,0.0,0.0,0,0.0,0,0
1,1,3,crime,10,Yes,Yes,1,223.0,223.0,223.0,223.0,223,223.0,1,0
1,1,3,to,11,Yes,Yes,1,0.0,0.0,0.0,0.0,0,0.0,0,0
1,1,3,the,12,Yes,Yes,1,0.0,0.0,0.0,0.0,0,0.0,0,0
1,1,3,police.,13,Yes,Yes,1,199.0,199.0,199.0,199.0,199,199.0,1,0
1,1,4,The,0,Yes,Yes,1,829.0,1830.0,829.0,829.0,829,829.0,1,0
1,1,4,journalist,1,Yes,Yes,1,271.0,892.0,271.0,271.0,271,271.0,1,0
1,1,4,criticized,2,Yes,Yes,1,250.0,1927.0,250.0,250.0,250,250.0,1,0
1,1,4,Nick,3,Yes,Yes,1,473.0,1225.0,473.0,473.0,473,473.0,1,0
1,1,4,and,4,Yes,Yes,1,248.0,452.0,0.0,0.0,0,0.0,0,0
1,1,4,Sam,5,Yes,Yes,1,178.0,178.0,178.0,178.0,178,178.0,1,0
1,1,4,called,6,Yes,Yes,1,449.0,1477.0,449.0,449.0,449,449.0,1,0
1,1,4,the,7,Yes,Yes,1,178.0,398.0,178.0,178.0,178,178.0,1,0
1,1,4,newspaper,8,Yes,Yes,1,422.0,2297.0,422.0,922.0,922,1320.0,1,1
1,1,4,to,9,Yes,Yes,1,0.0,0.0,0.0,0.0,0,0.0,0,0
1,1,4,complain.,10,Yes,Yes,1,597.0,1297.0,597.0,1297.0,1297,8025.0,1,1
1,1,5,Sam,0,Yes,Yes,1,556.0,556.0,556.0,556.0,556,556.0,1,0
1,1,5,hired,1,Yes,Yes,1,406.0,406.0,0.0,0.0,0,0.0,0,0
1,1,5,the,2,Yes,Yes,1,550.0,550.0,550.0,550.0,550,550.0,1,0
1,1,5,plumber,3,Yes,Yes,1,300.0,619.0,0.0,0.0,0,0.0,0,0
1,1,5,and,4,Yes,Yes,1,1799.0,2151.0,1799.0,1799.0,1799,2824.0,1,1
1,1,5,the,5,Yes,Yes,1,500.0,500.0,500.0,500.0,500,500.0,1,0
1,1,5,carpenter,6,Yes,Yes,1,275.0,275.0,275.0,275.0,275,275.0,1,0
1,1,5,ordered,7,Yes,Yes,1,245.0,724.0,245.0,724.0,724,1076.0,1,1
1,1,5,the,8,Yes,Yes,1,0.0,0.0,0.0,0.0,0,0.0,0,0
1,1,5,materials,9,Yes,Yes,1,423.0,423.0,423.0,423.0,423,423.0,1,0
1,1,5,for,10,Yes,Yes,1,0.0,0.0,0.0,0.0,0,0.0,0,0
1,1,5,the,11,Yes,Yes,1,225.0,225.0,225.0,225.0,225,225.0,1,0
1,1,5,house.,12,Yes,Yes,1,251.0,251.0,251.0,251.0,251,251.0,1,0
1,1,6,The,0,Yes,Yes,1,400.0,400.0,400.0,400.0,400,400.0,1,0
1,1,6,police,1,Yes,Yes,1,0.0,0.0,0.0,0.0,0,0.0,0,0
1,1,6,arrested,2,Yes,Yes,1,648.0,648.0,648.0,648.0,648,648.0,1,0
1,1,6,the,3,Yes,Yes,1,0.0,0.0,0.0,0.0,0,0.0,0,0
1,1,6,burglar,4,Yes,Yes,1,599.0,1152.0,599.0,599.0,599,599.0,1,0
1,1,6,and,5,Yes,Yes,1,0.0,0.0,0.0,0.0,0,0.0,0,0
1,1,6,his,6,Yes,Yes,1,874.0,1308.0,874.0,874.0,874,874.0,1,0
1,1,6,brother,7,Yes,Yes,1,175.0,596.0,175.0,175.0,175,175.0,1,0
1,1,6,phoned,8,Yes,Yes,1,576.0,1055.0,576.0,576.0,576,576.0,1,0
1,1,6,a,9,Yes,Yes,1,0.0,0.0,0.0,0.0,0,0.0,0,0
1,1,6,lawyer,10,Yes,Yes,1,422.0,922.0,422.0,422.0,422,422.0,1,0
1,1,6,for,11,Yes,Yes,1,201.0,201.0,201.0,201.0,201,201.0,1,0
1,1,6,help.,12,Yes,Yes,1,398.0,616.0,398.0,616.0,616,3003.0,1,1
1,1,7,The,0,No,No,1,574.0,574.0,574.0,574.0,574,574.0,1,0
1,1,7,knight,1,No,No,1,0.0,0.0,0.0,0.0,0,0.0,0,0
1,1,7,greeted,2,No,No,1,0.0,0.0,0.0,0.0,0,0.0,0,0
1,1,7,the,3,No,No,1,474.0,474.0,474.0,474.0,474,474.0,1,0
1,1,7,king,4,No,No,1,0.0,0.0,0.0,0.0,0,0.0,0,0
1,1,7,and,5,No,No,1,175.0,175.0,175.0,175.0,175,175.0,1,0
1,1,7,the,6,No,No,1,408.0,408.0,408.0,408.0,408,408.0,1,0
1,1,7,queen,7,No,No,1,217.0,217.0,217.0,217.0,217,217.0,1,0
1,1,7,waved,8,No,No,1,625.0,625.0,625.0,625.0,625,625.0,1,0
1,1,7,to,9,No,No,1,0.0,0.0,0.0,0.0,0,0.0,0,0
1,1,7,her,10,No,No,1,0.0,0.0,0.0,0.0,0,0.0,0,0
1,1,7,people,11,No,No,1,352.0,352.0,352.0,352.0,352,352.0,1,0
1,1,7,at,12,No,No,1,0.0,0.0,0.0,0.0,0,0.0,0,0
1,1,7,the,13,No,No,1,199.0,199.0,199.0,199.0,199,199.0,1,0
1,1,7,feast.,14,No,No,1,0.0,0.0,0.0,0.0,0,0.0,0,0
1,1,8,The,0,Yes,Yes,1,776.0,776.0,776.0,776.0,776,776.0,1,0
1,1,8,customer,1,Yes,Yes,1,175.0,175.0,175.0,175.0,175,175.0,1,0
1,1,8,complained,2,Yes,Yes,1,449.0,449.0,449.0,449.0,449,449.0,1,0
1,1,8,about,3,Yes,Yes,1,231.0,231.0,231.0,231.0,231,231.0,1,0
1,1,8,the,4,Yes,Yes,1,198.0,198.0,198.0,198.0,198,198.0,1,0
1,1,8,waiter,5,Yes,Yes,1,371.0,371.0,371.0,371.0,371,371.0,1,0
1,1,8,and,6,Yes,Yes,1,453.0,453.0,453.0,453.0,453,453.0,1,0
1,1,8,the,7,Yes,Yes,1,200.0,200.0,200.0,200.0,200,200.0,1,0
1,1,8,chef,8,Yes,Yes,1,300.0,300.0,300.0,300.0,300,300.0,1,0
1,1,8,gave,9,Yes,Yes,1,247.0,247.0,247.0,247.0,247,247.0,1,0
1,1,8,him,10,Yes,Yes,1,177.0,177.0,177.0,177.0,177,177.0,1,0
1,1,8,a,11,Yes,Yes,1,0.0,0.0,0.0,0.0,0,0.0,0,0
1,1,8,free,12,Yes,Yes,1,174.0,174.0,174.0,174.0,174,174.0,1,0
1,1,8,dessert.,13,Yes,Yes,1,301.0,301.0,301.0,301.0,301,301.0,1,0
1,2,9,The,0,Yes,Yes,1,230.0,584.0,230.0,230.0,230,230.0,1,0
1,2,9,crowd,1,Yes,Yes,1,270.0,270.0,270.0,270.0,270,270.0,1,0
1,2,9,cheered,2,Yes,Yes,1,530.0,708.0,530.0,530.0,530,530.0,1,0
1,2,9,for,3,Yes,Yes,1,0.0,0.0,0.0,0.0,0,0.0,0,0
1,2,9,the,4,Yes,Yes,1,0.0,0.0,0.0,0.0,0,0.0,0,0
1,2,9,"model,",5,Yes,Yes,1,650.0,1171.0,650.0,650.0,650,650.0,1,0
1,2,9,and,6,Yes,Yes,1,179.0,179.0,0.0,0.0,0,0.0,0,0
1,2,9,the,7,Yes,Yes,1,173.0,173.0,0.0,0.0,0,0.0,0,0
1,2,9,designer,8,Yes,Yes,1,700.0,5058.0,700.0,700.0,700,700.0,1,0
1,2,9,took,9,Yes,Yes,1,0.0,0.0,0.0,0.0,0,0.0,0,0
1,2,9,a,10,Yes,Yes,1,0.0,0.0,0.0,0.0,0,0.0,0,0
1,2,9,bow,11,Yes,Yes,1,677.0,677.0,677.0,677.0,677,677.0,1,0
1,2,9,after,12,Yes,Yes,1,373.0,373.0,373.0,373.0,373,373.0,1,0
1,2,9,the,13,Yes,Yes,1,280.0,280.0,280.0,280.0,280,280.0,1,0
1,2,9,show.,14,Yes,Yes,1,271.0,271.0,271.0,271.0,271,6034.0,1,1
1,2,10,The,0,No,No,1,630.0,630.0,630.0,630.0,630,630.0,1,0
1,2,10,juggler,1,No,No,1,0.0,0.0,0.0,0.0,0,0.0,0,0
1,2,10,entertained,2,No,No,1,453.0,453.0,0.0,0.0,0,0.0,0,0
1,2,10,the,3,No,No,1,330.0,330.0,330.0,330.0,330,330.0,1,0
1,2,10,"children,",4,No,No,1,647.0,1097.0,647.0,647.0,647,647.0,1,0
1,2,10,and,5,No,No,1,548.0,548.0,0.0,0.0,0,0.0,0,0
1,2,10,their,6,No,No,1,200.0,752.0,200.0,200.0,200,200.0,1,0
1,2,10,parents,7,No,No,1,750.0,1247.0,750.0,750.0,750,750.0,1,0
1,2,10,drank,8,No,No,1,450.0,999.0,450.0,450.0,450,450.0,1,0
1,2,10,wine,9,No,No,1,245.0,245.0,245.0,245.0,245,245.0,1,0
1,2,10,at,10,No,No,1,0.0,0.0,0.0,0.0,0,0.0,0,0
1,2,10,the,11,No,No,1,221.0,425.0,221.0,221.0,221,221.0,1,0
1,2,10,party.,12,No,No,1,200.0,200.0,200.0,200.0,200,3453.0,1,1
1,2,11,The,0,No,No,1,223.0,223.0,223.0,223.0,223,223.0,1,0
1,2,11,woman,1,No,No,1,275.0,275.0,275.0,275.0,275,275.0,1,0
1,2,11,dressed,2,No,No,1,656.0,656.0,656.0,656.0,656,656.0,1,0
1,2,11,her,3,No,No,1,345.0,345.0,345.0,345.0,345,345.0,1,0
1,2,11,"baby,",4,No,No,1,500.0,500.0,500.0,500.0,500,500.0,1,0
1,2,11,and,5,No,No,1,476.0,476.0,476.0,476.0,476,476.0,1,0
1,2,11,her,6,No,No,1,0.0,0.0,0.0,0.0,0,0.0,0,0
1,2,11,son,7,No,No,1,251.0,251.0,251.0,251.0,251,251.0,1,0
1,2,11,got,8,No,No,1,0.0,0.0,0.0,0.0,0,0.0,0,0
1,2,11,his,9,No,No,1,0.0,0.0,0.0,0.0,0,0.0,0,0
1,2,11,clothes,10,No,No,1,526.0,526.0,526.0,526.0,526,526.0,1,0
1,2,11,from,11,No,No,1,276.0,276.0,276.0,276.0,276,276.0,1,0
1,2,11,the,12,No,No,1,0.0,0.0,0.0,0.0,0,0.0,0,0
1,2,11,dresser.,13,No,No,1,268.0,268.0,268.0,268.0,268,268.0,1,0
1,2,12,Diane,0,Yes,Yes,1,573.0,1151.0,573.0,573.0,573,573.0,1,0
1,2,12,hugged,1,Yes,Yes,1,199.0,397.0,0.0,0.0,0,0.0,0,0
1,2,12,her,2,Yes,Yes,1,528.0,528.0,528.0,528.0,528,528.0,1,0
1,2,12,"boyfriend,",3,Yes,Yes,1,452.0,679.0,452.0,452.0,452,452.0,1,0
1,2,12,and,4,Yes,Yes,1,219.0,219.0,219.0,219.0,219,219.0,1,0
1,2,12,her,5,Yes,Yes,1,450.0,450.0,450.0,450.0,450,450.0,1,0
1,2,12,friend,6,Yes,Yes,1,327.0,327.0,327.0,327.0,327,327.0,1,0
1,2,12,felt,7,Yes,Yes,1,0.0,0.0,0.0,0.0,0,0.0,0,0
1,2,12,uncomfortable,8,Yes,Yes,1,825.0,825.0,825.0,825.0,825,825.0,1,0
1,2,12,watching,9,Yes,Yes,1,826.0,826.0,826.0,826.0,826,2028.0,1,1
1,2,12,them.,10,Yes,Yes,1,0.0,0.0,0.0,0.0,0,0.0,0,0
1,2,13,The,0,Yes,Yes,1,679.0,1129.0,679.0,679.0,679,679.0,1,0
1,2,13,producer,1,Yes,Yes,1,176.0,176.0,0.0,0.0,0,0.0,0,0
1,2,13,replaced,2,Yes,Yes,1,550.0,550.0,550.0,550.0,550,550.0,1,0
1,2,13,the,3,Yes,Yes,1,500.0,674.0,500.0,500.0,500,500.0,1,0
1,2,13,"actor,",4,Yes,Yes,1,332.0,783.0,332.0,332.0,332,332.0,1,0
1,2,13,and,5,Yes,Yes,1,617.0,617.0,617.0,617.0,617,617.0,1,0
1,2,13,the,6,Yes,Yes,1,0.0,0.0,0.0,0.0,0,0.0,0,0
1,2,13,actress,7,Yes,Yes,1,648.0,648.0,648.0,648.0,648,648.0,1,0
1,2,13,quit,8,Yes,Yes,1,0.0,0.0,0.0,0.0,0,0.0,0,0
1,2,13,the,9,Yes,Yes,1,0.0,0.0,0.0,0.0,0,0.0,0,0
1,2,13,movie,10,Yes,Yes,1,305.0,305.0,305.0,305.0,305,305.0,1,0
1,2,13,after,11,Yes,Yes,1,177.0,177.0,177.0,177.0,177,177.0,1,0
1,2,13,the,12,Yes,Yes,1,244.0,244.0,244.0,244.0,244,244.0,1,0
1,2,13,fight.,13,Yes,Yes,1,252.0,252.0,252.0,252.0,252,1503.0,1,1
1,2,14,The,0,Yes,Yes,1,504.0,504.0,504.0,504.0,504,504.0,1,0
1,2,14,audience,1,Yes,Yes,1,274.0,274.0,274.0,274.0,274,274.0,1,0
1,2,14,applauded,2,Yes,Yes,1,699.0,699.0,699.0,699.0,699,699.0,1,0
1,2,14,the,3,Yes,Yes,1,276.0,276.0,276.0,276.0,276,276.0,1,0
1,2,14,"guitarist,",4,Yes,Yes,1,648.0,648.0,648.0,648.0,648,648.0,1,0
1,2,14,and,5,Yes,Yes,1,0.0,0.0,0.0,0.0,0,0.0,0,0
1,2,14,the,6,Yes,Yes,1,0.0,0.0,0.0,0.0,0,0.0,0,0
1,2,14,band,7,Yes,Yes,1,471.0,471.0,471.0,471.0,471,471.0,1,0
1,2,14,cheered,8,Yes,Yes,1,501.0,501.0,501.0,501.0,501,501.0,1,0
1,2,14,for,9,Yes,Yes,1,0.0,0.0,0.0,0.0,0,0.0,0,0
1,2,14,him,10,Yes,Yes,1,0.0,0.0,0.0,0.0,0,0.0,0,0
1,2,14,very,11,Yes,Yes,1,549.0,549.0,549.0,549.0,549,549.0,1,0
1,2,14,loudly.,12,Yes,Yes,1,0.0,0.0,0.0,0.0,0,0.0,0,0
1,2,15,Jim,0,No,No,1,566.0,949.0,566.0,566.0,566,566.0,1,0
1,2,15,listened,1,No,No,1,950.0,1317.0,950.0,950.0,950,950.0,1,0
1,2,15,to,2,No,No,1,0.0,0.0,0.0,0.0,0,0.0,0,0
1,2,15,the,3,No,No,1,0.0,0.0,0.0,0.0,0,0.0,0,0
1,2,15,"pianist,",4,No,No,1,751.0,924.0,751.0,751.0,751,751.0,1,0
1,2,15,and,5,No,No,1,277.0,877.0,277.0,277.0,277,277.0,1,0
1,2,15,the,6,No,No,1,0.0,0.0,0.0,0.0,0,0.0,0,0
1,2,15,singer,7,No,No,1,573.0,892.0,573.0,573.0,573,573.0,1,0
1,2,15,watched,8,No,No,1,351.0,533.0,351.0,351.0,351,351.0,1,0
1,2,15,the,9,No,No,1,525.0,525.0,525.0,525.0,525,525.0,1,0
1,2,15,organist,10,No,No,1,400.0,621.0,400.0,621.0,621,621.0,1,0
1,2,15,at,11,No,No,1,0.0,0.0,0.0,0.0,0,0.0,0,0
1,2,15,the,12,No,No,1,0.0,0.0,0.0,0.0,0,0.0,0,0
1,2,15,concert.,13,No,No,1,354.0,354.0,354.0,354.0,354,2378.0,1,1
1,2,16,The,0,No,No,1,700.0,900.0,0.0,0.0,0,0.0,0,0
1,2,16,ranger,1,No,No,1,199.0,199.0,0.0,0.0,0,0.0,0,0
1,2,16,gave,2,No,No,1,279.0,529.0,279.0,529.0,529,1428.0,1,1
1,2,16,matches,3,No,No,1,750.0,750.0,750.0,750.0,750,750.0,1,0
1,2,16,to,4,No,No,1,0.0,0.0,0.0,0.0,0,0.0,0,0
1,2,16,the,5,No,No,1,0.0,0.0,0.0,0.0,0,0.0,0,0
1,2,16,"camper,",6,No,No,1,469.0,6393.0,469.0,469.0,469,469.0,1,0
1,2,16,and,7,No,No,1,0.0,0.0,0.0,0.0,0,0.0,0,0
1,2,16,his,8,No,No,1,499.0,499.0,499.0,499.0,499,499.0,1,0
1,2,16,friend,9,No,No,1,0.0,0.0,0.0,0.0,0,0.0,0,0
1,2,16,made,10,No,No,1,582.0,582.0,582.0,582.0,582,582.0,1,0
1,2,16,a,11,No,No,1,0.0,0.0,0.0,0.0,0,0.0,0,0
1,2,16,fire,12,No,No,1,196.0,196.0,196.0,196.0,196,196.0,1,0
1,2,16,by,13,No,No,1,0.0,0.0,0.0,0.0,0,0.0,0,0
1,2,16,the,14,No,No,1,173.0,173.0,173.0,173.0,173,173.0,1,0
1,2,16,tent.,15,No,No,1,251.0,251.0,251.0,251.0,251,6375.0,1,1
2,1,1,There,0,Because of rumors.,Because of rumors.,1,823.0,823.0,823.0,823.0,823,823.0,1,0
2,1,1,are,1,Because of rumors.,Because of rumors.,1,179.0,179.0,179.0,179.0,179,179.0,1,0
2,1,1,now,2,Because of rumors.,Because of rumors.,1,519.0,519.0,519.0,519.0,519,519.0,1,0
2,1,1,rumblings,3,Because of rumors.,Because of rumors.,1,731.0,731.0,731.0,731.0,731,731.0,1,0
2,1,1,that,4,Because of rumors.,Because of rumors.,1,581.0,581.0,0.0,0.0,0,0.0,0,0
2,1,1,Apple,5,Because of rumors.,Because of rumors.,1,895.0,895.0,895.0,895.0,895,895.0,1,0
2,1,1,might,6,Because of rumors.,Because of rumors.,1,199.0,818.0,199.0,199.0,199,199.0,1,0
2,1,1,soon,7,Because of rumors.,Because of rumors.,1,302.0,302.0,302.0,302.0,302,302.0,1,0
2,1,1,invade,8,Because of rumors.,Because of rumors.,1,599.0,900.0,599.0,900.0,900,2100.0,1,1
2,1,1,the,9,Because of rumors.,Because of rumors.,1,174.0,174.0,174.0,174.0,174,174.0,1,0
2,1,1,smart,10,Because of rumors.,Because of rumors.,1,302.0,302.0,302.0,302.0,302,302.0,1,0
2,1,1,watch,11,Because of rumors.,Because of rumors.,1,323.0,323.0,323.0,323.0,323,323.0,1,0
2,1,1,"space,",12,Because of rumors.,Because of rumors.,1,380.0,380.0,380.0,380.0,380,380.0,1,0
2,1,1,though,13,Because of rumors.,Because of rumors.,1,371.0,371.0,371.0,371.0,371,371.0,1,0
2,1,1,the,14,Because of rumors.,Because of rumors.,1,556.0,556.0,0.0,0.0,0,0.0,0,0
2,1,1,company,15,Because of rumors.,Because of rumors.,1,223.0,497.0,223.0,497.0,497,1053.0,1,1
2,1,1,is,16,Because of rumors.,Because of rumors.,1,0.0,0.0,0.0,0.0,0,0.0,0,0
2,1,1,maintaining,17,Because of rumors.,Because of rumors.,1,1154.0,1154.0,1154.0,1154.0,1154,1154.0,1,0
2,1,1,its,18,Because of rumors.,Because of rumors.,1,0.0,0.0,0.0,0.0,0,0.0,0,0
2,1,1,customary,19,Because of rumors.,Because of rumors.,1,627.0,627.0,627.0,627.0,627,627.0,1,0
2,1,1,silence.,20,Because of rumors.,Because of rumors.,1,750.0,750.0,750.0,750.0,750,750.0,1,0
2,1,1,The,21,Because of rumors.,Because of rumors.,1,193.0,193.0,193.0,193.0,193,193.0,1,0
2,1,1,watch,22,Because of rumors.,Because of rumors.,1,0.0,0.0,0.0,0.0,0,0.0,0,0
2,1,1,doesn't,23,Because of rumors.,Because of rumors.,1,401.0,401.0,401.0,401.0,401,401.0,1,0
2,1,1,have,24,Because of rumors.,Because of rumors.,1,449.0,449.0,449.0,449.0,449,449.0,1,0
2,1,1,a,25,Because of rumors.,Because of rumors.,1,0.0,0.0,0.0,0.0,0,0.0,0,0
2,1,1,microphone,26,Because of rumors.,Because of rumors.,1,501.0,501.0,501.0,501.0,501,501.0,1,0
2,1,1,or,27,Because of rumors.,Because of rumors.,1,648.0,648.0,648.0,648.0,648,648.0,1,0
2,1,1,"speaker,",28,Because of rumors.,Because of rumors.,1,250.0,250.0,250.0,250.0,250,250.0,1,0
2,1,1,but,29,Because of rumors.,Because of rumors.,1,295.0,295.0,295.0,295.0,295,295.0,1,0
2,1,1,you,30,Because of rumors.,Because of rumors.,1,182.0,182.0,182.0,182.0,182,182.0,1,0
2,1,1,can,31,Because of rumors.,Because of rumors.,1,320.0,320.0,320.0,320.0,320,320.0,1,0
2,1,1,use,32,Because of rumors.,Because of rumors.,1,177.0,177.0,177.0,177.0,177,177.0,1,0
2,1,1,it,33,Because of rumors.,Because of rumors.,1,0.0,0.0,0.0,0.0,0,0.0,0,0
2,1,1,to,34,Because of rumors.,Because of rumors.,1,0.0,0.0,0.0,0.0,0,0.0,0,0
2,1,1,control,35,Because of rumors.,Because of rumors.,1,576.0,576.0,576.0,576.0,576,576.0,1,0
2,1,1,the,36,Because of rumors.,Because of rumors.,1,0.0,0.0,0.0,0.0,0,0.0,0,0
2,1,1,music,37,Because of rumors.,Because of rumors.,1,325.0,325.0,325.0,325.0,325,325.0,1,0
2,1,1,on,38,Because of rumors.,Because of rumors.,1,176.0,176.0,176.0,176.0,176,176.0,1,0
2,1,1,your,39,Because of rumors.,Because of rumors.,1,525.0,525.0,525.0,525.0,525,525.0,1,0
2,1,1,phone.,40,Because of rumors.,Because of rumors.,1,657.0,657.0,657.0,657.0,657,657.0,1,0
2,1,1,You,41,Because of rumors.,Because of rumors.,1,167.0,167.0,167.0,167.0,167,167.0,1,0
2,1,1,can,42,Because of rumors.,Because of rumors.,1,252.0,252.0,252.0,252.0,252,252.0,1,0
2,1,1,glance,43,Because of rumors.,Because of rumors.,1,425.0,425.0,425.0,425.0,425,425.0,1,0
2,1,1,at,44,Because of rumors.,Because of rumors.,1,250.0,250.0,250.0,250.0,250,250.0,1,0
2,1,1,the,45,Because of rumors.,Because of rumors.,1,0.0,0.0,0.0,0.0,0,0.0,0,0
2,1,1,watch,46,Because of rumors.,Because of rumors.,1,704.0,704.0,704.0,704.0,704,704.0,1,0
2,1,1,face,47,Because of rumors.,Because of rumors.,1,199.0,199.0,199.0,199.0,199,199.0,1,0
2,1,1,to,48,Because of rumors.,Because of rumors.,1,0.0,0.0,0.0,0.0,0,0.0,0,0
2,1,1,view,49,Because of rumors.,Because of rumors.,1,576.0,576.0,576.0,576.0,576,576.0,1,0
2,1,1,the,50,Because of rumors.,Because of rumors.,1,0.0,0.0,0.0,0.0,0,0.0,0,0
2,1,1,artist,51,Because of rumors.,Because of rumors.,1,222.0,222.0,222.0,222.0,222,222.0,1,0
2,1,1,and,52,Because of rumors.,Because of rumors.,1,0.0,0.0,0.0,0.0,0,0.0,0,0
2,1,1,title,53,Because of rumors.,Because of rumors.,1,252.0,252.0,252.0,252.0,252,252.0,1,0
2,1,1,of,54,Because of rumors.,Because of rumors.,1,174.0,174.0,174.0,174.0,174,174.0,1,0
2,1,1,a,55,Because of rumors.,Because of rumors.,1,177.0,177.0,177.0,177.0,177,177.0,1,0
2,1,1,song.,56,Because of rumors.,Because of rumors.,1,0.0,0.0,0.0,0.0,0,0.0,0,0
2,1,2,Two,0,Spots on the sun.,Spots on the sun.,1,3000.0,3000.0,3000.0,3000.0,3000,3000.0,1,0
2,1,2,days,1,Spots on the sun.,Spots on the sun.,1,0.0,0.0,0.0,0.0,0,0.0,0,0
2,1,2,"later,",2,Spots on the sun.,Spots on the sun.,1,0.0,0.0,0.0,0.0,0,0.0,0,0
2,1,2,the,3,Spots on the sun.,Spots on the sun.,1,299.0,299.0,0.0,0.0,0,0.0,0,0
2,1,2,British,4,Spots on the sun.,Spots on the sun.,1,229.0,229.0,229.0,229.0,229,528.0,1,1
2,1,2,astronomer,5,Spots on the sun.,Spots on the sun.,1,475.0,475.0,475.0,475.0,475,475.0,1,0
2,1,2,Richard,6,Spots on the sun.,Spots on the sun.,1,522.0,522.0,522.0,522.0,522,522.0,1,0
2,1,2,Carrington,7,Spots on the sun.,Spots on the sun.,1,475.0,475.0,475.0,475.0,475,475.0,1,0
2,1,2,was,8,Spots on the sun.,Spots on the sun.,1,0.0,0.0,0.0,0.0,0,0.0,0,0
2,1,2,observing,9,Spots on the sun.,Spots on the sun.,1,600.0,600.0,600.0,600.0,600,600.0,1,0
2,1,2,the,10,Spots on the sun.,Spots on the sun.,1,0.0,0.0,0.0,0.0,0,0.0,0,0
2,1,2,interesting,11,Spots on the sun.,Spots on the sun.,1,651.0,651.0,651.0,651.0,651,651.0,1,0
2,1,2,sunspot,12,Spots on the sun.,Spots on the sun.,1,479.0,479.0,479.0,479.0,479,479.0,1,0
2,1,2,group,13,Spots on the sun.,Spots on the sun.,1,221.0,221.0,221.0,221.0,221,221.0,1,0
2,1,2,through,14,Spots on the sun.,Spots on the sun.,1,878.0,878.0,878.0,878.0,878,878.0,1,0
2,1,2,his,15,Spots on the sun.,Spots on the sun.,1,249.0,249.0,249.0,249.0,249,249.0,1,0
2,1,2,telescope,16,Spots on the sun.,Spots on the sun.,1,651.0,651.0,651.0,651.0,651,651.0,1,0
2,1,2,when,17,Spots on the sun.,Spots on the sun.,1,300.0,300.0,300.0,300.0,300,300.0,1,0
2,1,2,he,18,Spots on the sun.,Spots on the sun.,1,0.0,0.0,0.0,0.0,0,0.0,0,0
2,1,2,saw,19,Spots on the sun.,Spots on the sun.,1,0.0,0.0,0.0,0.0,0,0.0,0,0
2,1,2,what,20,Spots on the sun.,Spots on the sun.,1,0.0,0.0,0.0,0.0,0,0.0,0,0
2,1,2,he,21,Spots on the sun.,Spots on the sun.,1,0.0,0.0,0.0,0.0,0,0.0,0,0
2,1,2,described,22,Spots on the sun.,Spots on the sun.,1,673.0,673.0,673.0,673.0,673,673.0,1,0
2,1,2,as,23,Spots on the sun.,Spots on the sun.,1,0.0,0.0,0.0,0.0,0,0.0,0,0
2,1,2,"""two",24,Spots on the sun.,Spots on the sun.,1,300.0,300.0,300.0,300.0,300,300.0,1,0
2,1,2,patches,25,Spots on the sun.,Spots on the sun.,1,572.0,572.0,572.0,572.0,572,572.0,1,0
2,1,2,of,26,Spots on the sun.,Spots on the sun.,1,0.0,0.0,0.0,0.0,0,0.0,0,0
2,1,2,intensely,27,Spots on the sun.,Spots on the sun.,1,605.0,605.0,605.0,605.0,605,605.0,1,0
2,1,2,bright,28,Spots on the sun.,Spots on the sun.,1,873.0,873.0,873.0,873.0,873,873.0,1,0
2,1,2,and,29,Spots on the sun.,Spots on the sun.,1,0.0,0.0,0.0,0.0,0,0.0,0,0
2,1,2,white,30,Spots on the sun.,Spots on the sun.,1,0.0,0.0,0.0,0.0,0,0.0,0,0
2,1,2,"light""",31,Spots on the sun.,Spots on the sun.,1,678.0,678.0,678.0,678.0,678,678.0,1,0
2,1,2,over,32,Spots on the sun.,Spots on the sun.,1,0.0,0.0,0.0,0.0,0,0.0,0,0
2,1,2,the,33,Spots on the sun.,Spots on the sun.,1,0.0,0.0,0.0,0.0,0,0.0,0,0
2,1,2,sunspots.,34,Spots on the sun.,Spots on the sun.,1,773.0,773.0,773.0,773.0,773,773.0,1,0
2,1,2,He,35,Spots on the sun.,Spots on the sun.,1,0.0,0.0,0.0,0.0,0,0.0,0,0
2,1,2,jotted,36,Spots on the sun.,Spots on the sun.,1,478.0,478.0,478.0,478.0,478,478.0,1,0
2,1,2,a,37,Spots on the sun.,Spots on the sun.,1,0.0,0.0,0.0,0.0,0,0.0,0,0
2,1,2,note,38,Spots on the sun.,Spots on the sun.,1,0.0,0.0,0.0,0.0,0,0.0,0,0
2,1,2,in,39,Spots on the sun.,Spots on the sun.,1,0.0,0.0,0.0,0.0,0,0.0,0,0
2,1,2,his,40,Spots on the sun.,Spots on the sun.,1,0.0,0.0,0.0,0.0,0,0.0,0,0
2,1,2,painstaking,41,Spots on the sun.,Spots on the sun.,1,551.0,551.0,551.0,551.0,551,551.0,1,0
2,1,2,record.,42,Spots on the sun.,Spots on the sun.,1,173.0,173.0,173.0,173.0,173,173.0,1,0
2,1,2,That,43,Spots on the sun.,Spots on the sun.,1,300.0,300.0,300.0,300.0,300,300.0,1,0
2,1,2,night,44,Spots on the sun.,Spots on the sun.,1,0.0,0.0,0.0,0.0,0,0.0,0,0
2,1,2,there,45,Spots on the sun.,Spots on the sun.,1,451.0,451.0,451.0,451.0,451,451.0,1,0
2,1,2,was,46,Spots on the sun.,Spots on the sun.,1,0.0,0.0,0.0,0.0,0,0.0,0,0
2,1,2,scarcely,47,Spots on the sun.,Spots on the sun.,1,629.0,930.0,629.0,629.0,629,629.0,1,0
2,1,2,a,48,Spots on the sun.,Spots on the sun.,1,0.0,0.0,0.0,0.0,0,0.0,0,0
2,1,2,square,49,Spots on the sun.,Spots on the sun.,1,178.0,178.0,178.0,178.0,178,178.0,1,0
2,1,2,inch,50,Spots on the sun.,Spots on the sun.,1,472.0,472.0,472.0,472.0,472,472.0,1,0
2,1,2,of,51,Spots on the sun.,Spots on the sun.,1,0.0,0.0,0.0,0.0,0,0.0,0,0
2,1,2,earth,52,Spots on the sun.,Spots on the sun.,1,300.0,300.0,300.0,300.0,300,300.0,1,0
2,1,2,that,53,Spots on the sun.,Spots on the sun.,1,0.0,0.0,0.0,0.0,0,0.0,0,0
2,1,2,was,54,Spots on the sun.,Spots on the sun.,1,250.0,250.0,0.0,0.0,0,0.0,0,0
2,1,2,not,55,Spots on the sun.,Spots on the sun.,1,0.0,0.0,0.0,0.0,0,0.0,0,0
2,1,2,illuminated,56,Spots on the sun.,Spots on the sun.,1,426.0,848.0,426.0,848.0,848,1098.0,1,1
2,1,2,by,57,Spots on the sun.,Spots on the sun.,1,0.0,0.0,0.0,0.0,0,0.0,0,0
2,1,2,aurora.,58,Spots on the sun.,Spots on the sun.,1,554.0,554.0,554.0,554.0,554,855.0,1,1
2,1,3,I,0,Everywhere in the United States.,Everywhere in the United States.,1,0.0,0.0,0.0,0.0,0,0.0,0,0
2,1,3,agree,1,Everywhere in the United States.,Everywhere in the United States.,1,446.0,446.0,446.0,446.0,446,446.0,1,0
2,1,3,that,2,Everywhere in the United States.,Everywhere in the United States.,1,0.0,0.0,0.0,0.0,0,0.0,0,0
2,1,3,California's,3,Everywhere in the United States.,Everywhere in the United States.,1,829.0,829.0,829.0,829.0,829,829.0,1,0
2,1,3,"""three",4,Everywhere in the United States.,Everywhere in the United States.,1,597.0,597.0,597.0,597.0,597,597.0,1,0
2,1,3,strikes,5,Everywhere in the United States.,Everywhere in the United States.,1,179.0,179.0,179.0,179.0,179,179.0,1,0
2,1,3,and,6,Everywhere in the United States.,Everywhere in the United States.,1,0.0,0.0,0.0,0.0,0,0.0,0,0
2,1,3,you're,7,Everywhere in the United States.,Everywhere in the United States.,1,501.0,501.0,501.0,501.0,501,501.0,1,0
2,1,3,"out""",8,Everywhere in the United States.,Everywhere in the United States.,1,0.0,0.0,0.0,0.0,0,0.0,0,0
2,1,3,law,9,Everywhere in the United States.,Everywhere in the United States.,1,0.0,0.0,0.0,0.0,0,0.0,0,0
2,1,3,will,10,Everywhere in the United States.,Everywhere in the United States.,1,279.0,279.0,279.0,279.0,279,279.0,1,0
2,1,3,be,11,Everywhere in the United States.,Everywhere in the United States.,1,0.0,0.0,0.0,0.0,0,0.0,0,0
2,1,3,a,12,Everywhere in the United States.,Everywhere in the United States.,1,0.0,0.0,0.0,0.0,0,0.0,0,0
2,1,3,financial,13,Everywhere in the United States.,Everywhere in the United States.,1,579.0,579.0,579.0,579.0,579,579.0,1,0
2,1,3,disaster,14,Everywhere in the United States.,Everywhere in the United States.,1,0.0,0.0,0.0,0.0,0,0.0,0,0
2,1,3,for,15,Everywhere in the United States.,Everywhere in the United States.,1,0.0,0.0,0.0,0.0,0,0.0,0,0
2,1,3,taxpayers,16,Everywhere in the United States.,Everywhere in the United States.,1,501.0,501.0,501.0,501.0,501,501.0,1,0
2,1,3,who,17,Everywhere in the United States.,Everywhere in the United States.,1,0.0,0.0,0.0,0.0,0,0.0,0,0
2,1,3,care,18,Everywhere in the United States.,Everywhere in the United States.,1,200.0,200.0,200.0,200.0,200,200.0,1,0
2,1,3,about,19,Everywhere in the United States.,Everywhere in the United States.,1,0.0,0.0,0.0,0.0,0,0.0,0,0
2,1,3,education,20,Everywhere in the United States.,Everywhere in the United States.,1,473.0,473.0,473.0,473.0,473,473.0,1,0
2,1,3,and,21,Everywhere in the United States.,Everywhere in the United States.,1,545.0,545.0,545.0,545.0,545,545.0,1,0
2,1,3,other,22,Everywhere in the United States.,Everywhere in the United States.,1,233.0,233.0,233.0,233.0,233,233.0,1,0
2,1,3,vital,23,Everywhere in the United States.,Everywhere in the United States.,1,0.0,0.0,0.0,0.0,0,0.0,0,0
2,1,3,services.,24,Everywhere in the United States.,Everywhere in the United States.,1,528.0,528.0,528.0,528.0,528,528.0,1,0
2,1,3,But,25,Everywhere in the United States.,Everywhere in the United States.,1,0.0,0.0,0.0,0.0,0,0.0,0,0
2,1,3,it's,26,Everywhere in the United States.,Everywhere in the United States.,1,0.0,0.0,0.0,0.0,0,0.0,0,0
2,1,3,far,27,Everywhere in the United States.,Everywhere in the United States.,1,0.0,0.0,0.0,0.0,0,0.0,0,0
2,1,3,from,28,Everywhere in the United States.,Everywhere in the United States.,1,279.0,279.0,279.0,279.0,279,279.0,1,0
2,1,3,clear,29,Everywhere in the United States.,Everywhere in the United States.,1,200.0,200.0,200.0,200.0,200,200.0,1,0
2,1,3,that,30,Everywhere in the United States.,Everywhere in the United States.,1,200.0,200.0,200.0,200.0,200,200.0,1,0
2,1,3,the,31,Everywhere in the United States.,Everywhere in the United States.,1,599.0,599.0,599.0,599.0,599,599.0,1,0
2,1,3,law,32,Everywhere in the United States.,Everywhere in the United States.,1,0.0,0.0,0.0,0.0,0,0.0,0,0
2,1,3,can,33,Everywhere in the United States.,Everywhere in the United States.,1,223.0,223.0,223.0,223.0,223,223.0,1,0
2,1,3,even,34,Everywhere in the United States.,Everywhere in the United States.,1,175.0,175.0,175.0,175.0,175,175.0,1,0
2,1,3,be,35,Everywhere in the United States.,Everywhere in the United States.,1,478.0,478.0,478.0,478.0,478,478.0,1,0
2,1,3,credited,36,Everywhere in the United States.,Everywhere in the United States.,1,271.0,820.0,271.0,271.0,271,271.0,1,0
2,1,3,with,37,Everywhere in the United States.,Everywhere in the United States.,1,200.0,200.0,0.0,0.0,0,0.0,0,0
2,1,3,a,38,Everywhere in the United States.,Everywhere in the United States.,1,0.0,0.0,0.0,0.0,0,0.0,0,0
2,1,3,reduction,39,Everywhere in the United States.,Everywhere in the United States.,1,652.0,976.0,652.0,652.0,652,652.0,1,0
2,1,3,in,40,Everywhere in the United States.,Everywhere in the United States.,1,0.0,0.0,0.0,0.0,0,0.0,0,0
2,1,3,crime,41,Everywhere in the United States.,Everywhere in the United States.,1,603.0,603.0,603.0,603.0,603,603.0,1,0
2,1,3,in,42,Everywhere in the United States.,Everywhere in the United States.,1,0.0,0.0,0.0,0.0,0,0.0,0,0
2,1,3,California.,43,Everywhere in the United States.,Everywhere in the United States.,1,277.0,277.0,277.0,277.0,277,277.0,1,0
2,1,3,While,44,Everywhere in the United States.,Everywhere in the United States.,1,251.0,251.0,251.0,251.0,251,251.0,1,0
2,1,3,it's,45,Everywhere in the United States.,Everywhere in the United States.,1,0.0,0.0,0.0,0.0,0,0.0,0,0
2,1,3,true,46,Everywhere in the United States.,Everywhere in the United States.,1,0.0,0.0,0.0,0.0,0,0.0,0,0
2,1,3,that,47,Everywhere in the United States.,Everywhere in the United States.,1,249.0,249.0,249.0,249.0,249,249.0,1,0
2,1,3,crime,48,Everywhere in the United States.,Everywhere in the United States.,1,427.0,427.0,427.0,427.0,427,427.0,1,0
2,1,3,declined,49,Everywhere in the United States.,Everywhere in the United States.,1,622.0,622.0,622.0,622.0,622,622.0,1,0
2,1,3,in,50,Everywhere in the United States.,Everywhere in the United States.,1,0.0,0.0,0.0,0.0,0,0.0,0,0
2,1,3,California,51,Everywhere in the United States.,Everywhere in the United States.,1,206.0,206.0,206.0,206.0,206,206.0,1,0
2,1,3,last,52,Everywhere in the United States.,Everywhere in the United States.,1,0.0,0.0,0.0,0.0,0,0.0,0,0
2,1,3,"year,",53,Everywhere in the United States.,Everywhere in the United States.,1,501.0,501.0,501.0,501.0,501,501.0,1,0
2,1,3,crime,54,Everywhere in the United States.,Everywhere in the United States.,1,0.0,0.0,0.0,0.0,0,0.0,0,0
2,1,3,also,55,Everywhere in the United States.,Everywhere in the United States.,1,225.0,225.0,225.0,225.0,225,225.0,1,0
2,1,3,dropped,56,Everywhere in the United States.,Everywhere in the United States.,1,279.0,279.0,279.0,279.0,279,279.0,1,0
2,1,3,nationwide.,57,Everywhere in the United States.,Everywhere in the United States.,1,492.0,492.0,492.0,492.0,492,1565.0,1,1
2,1,4,Liza,0,Because her work is interrupted needlessly.,Because her work is interrupted needlessly.,1,425.0,425.0,425.0,425.0,425,425.0,1,0
2,1,4,was,1,Because her work is interrupted needlessly.,Because her work is interrupted needlessly.,1,0.0,0.0,0.0,0.0,0,0.0,0,0
2,1,4,in,2,Because her work is interrupted needlessly.,Because her work is interrupted needlessly.,1,0.0,0.0,0.0,0.0,0,0.0,0,0
2,1,4,a,3,Because her work is interrupted needlessly.,Because her work is interrupted needlessly.,1,474.0,474.0,474.0,474.0,474,474.0,1,0
2,1,4,bad,4,Because her work is interrupted needlessly.,Because her work is interrupted needlessly.,1,500.0,500.0,500.0,500.0,500,500.0,1,0
2,1,4,"temper,",5,Because her work is interrupted needlessly.,Because her work is interrupted needlessly.,1,176.0,176.0,176.0,176.0,176,176.0,1,0
2,1,4,for,6,Because her work is interrupted needlessly.,Because her work is interrupted needlessly.,1,0.0,0.0,0.0,0.0,0,0.0,0,0
2,1,4,she,7,Because her work is interrupted needlessly.,Because her work is interrupted needlessly.,1,395.0,395.0,395.0,395.0,395,395.0,1,0
2,1,4,was,8,Because her work is interrupted needlessly.,Because her work is interrupted needlessly.,1,0.0,0.0,0.0,0.0,0,0.0,0,0
2,1,4,mixing,9,Because her work is interrupted needlessly.,Because her work is interrupted needlessly.,1,624.0,624.0,624.0,624.0,624,624.0,1,0
2,1,4,the,10,Because her work is interrupted needlessly.,Because her work is interrupted needlessly.,1,0.0,0.0,0.0,0.0,0,0.0,0,0
2,1,4,Christmas,11,Because her work is interrupted needlessly.,Because her work is interrupted needlessly.,1,701.0,701.0,701.0,701.0,701,701.0,1,0
2,1,4,puddings,12,Because her work is interrupted needlessly.,Because her work is interrupted needlessly.,1,573.0,573.0,573.0,573.0,573,573.0,1,0
2,1,4,in,13,Because her work is interrupted needlessly.,Because her work is interrupted needlessly.,1,0.0,0.0,0.0,0.0,0,0.0,0,0
2,1,4,the,14,Because her work is interrupted needlessly.,Because her work is interrupted needlessly.,1,0.0,0.0,0.0,0.0,0,0.0,0,0
2,1,4,"kitchen,",15,Because her work is interrupted needlessly.,Because her work is interrupted needlessly.,1,343.0,343.0,343.0,343.0,343,343.0,1,0
2,1,4,and,16,Because her work is interrupted needlessly.,Because her work is interrupted needlessly.,1,0.0,0.0,0.0,0.0,0,0.0,0,0
2,1,4,had,17,Because her work is interrupted needlessly.,Because her work is interrupted needlessly.,1,401.0,401.0,0.0,0.0,0,0.0,0,0
2,1,4,been,18,Because her work is interrupted needlessly.,Because her work is interrupted needlessly.,1,0.0,0.0,0.0,0.0,0,0.0,0,0
2,1,4,drawn,19,Because her work is interrupted needlessly.,Because her work is interrupted needlessly.,1,350.0,350.0,0.0,0.0,0,0.0,0,0
2,1,4,from,20,Because her work is interrupted needlessly.,Because her work is interrupted needlessly.,1,0.0,0.0,0.0,0.0,0,0.0,0,0
2,1,4,"them,",21,Because her work is interrupted needlessly.,Because her work is interrupted needlessly.,1,196.0,196.0,0.0,0.0,0,0.0,0,0
2,1,4,with,22,Because her work is interrupted needlessly.,Because her work is interrupted needlessly.,1,225.0,225.0,0.0,0.0,0,0.0,0,0
2,1,4,a,23,Because her work is interrupted needlessly.,Because her work is interrupted needlessly.,1,0.0,0.0,0.0,0.0,0,0.0,0,0
2,1,4,raisin,24,Because her work is interrupted needlessly.,Because her work is interrupted needlessly.,1,551.0,551.0,0.0,0.0,0,0.0,0,0
2,1,4,still,25,Because her work is interrupted needlessly.,Because her work is interrupted needlessly.,1,0.0,0.0,0.0,0.0,0,0.0,0,0
2,1,4,on,26,Because her work is interrupted needlessly.,Because her work is interrupted needlessly.,1,174.0,174.0,0.0,0.0,0,0.0,0,0
2,1,4,her,27,Because her work is interrupted needlessly.,Because her work is interrupted needlessly.,1,176.0,176.0,0.0,0.0,0,0.0,0,0
2,1,4,"cheek,",28,Because her work is interrupted needlessly.,Because her work is interrupted needlessly.,1,226.0,226.0,0.0,0.0,0,0.0,0,0
2,1,4,by,29,Because her work is interrupted needlessly.,Because her work is interrupted needlessly.,1,0.0,0.0,0.0,0.0,0,0.0,0,0
2,1,4,Nana's,30,Because her work is interrupted needlessly.,Because her work is interrupted needlessly.,1,575.0,575.0,0.0,0.0,0,0.0,0,0
2,1,4,absurd,31,Because her work is interrupted needlessly.,Because her work is interrupted needlessly.,1,184.0,184.0,0.0,0.0,0,0.0,0,0
2,1,4,suspicions.,32,Because her work is interrupted needlessly.,Because her work is interrupted needlessly.,1,416.0,416.0,0.0,0.0,0,0.0,0,0
2,1,4,She,33,Because her work is interrupted needlessly.,Because her work is interrupted needlessly.,1,266.0,441.0,266.0,266.0,266,3740.0,1,1
2,1,4,thought,34,Because her work is interrupted needlessly.,Because her work is interrupted needlessly.,1,0.0,0.0,0.0,0.0,0,0.0,0,0
2,1,4,the,35,Because her work is interrupted needlessly.,Because her work is interrupted needlessly.,1,251.0,251.0,251.0,251.0,251,426.0,1,1
2,1,4,best,36,Because her work is interrupted needlessly.,Because her work is interrupted needlessly.,1,271.0,271.0,271.0,271.0,271,271.0,1,0
2,1,4,way,37,Because her work is interrupted needlessly.,Because her work is interrupted needlessly.,1,200.0,200.0,200.0,200.0,200,200.0,1,0
2,1,4,of,38,Because her work is interrupted needlessly.,Because her work is interrupted needlessly.,1,350.0,350.0,350.0,350.0,350,350.0,1,0
2,1,4,getting,39,Because her work is interrupted needlessly.,Because her work is interrupted needlessly.,1,0.0,0.0,0.0,0.0,0,0.0,0,0
2,1,4,a,40,Because her work is interrupted needlessly.,Because her work is interrupted needlessly.,1,0.0,0.0,0.0,0.0,0,0.0,0,0
2,1,4,little,41,Because her work is interrupted needlessly.,Because her work is interrupted needlessly.,1,0.0,0.0,0.0,0.0,0,0.0,0,0
2,1,4,quiet,42,Because her work is interrupted needlessly.,Because her work is interrupted needlessly.,1,0.0,0.0,0.0,0.0,0,0.0,0,0
2,1,4,was,43,Because her work is interrupted needlessly.,Because her work is interrupted needlessly.,1,378.0,378.0,378.0,378.0,378,378.0,1,0
2,1,4,to,44,Because her work is interrupted needlessly.,Because her work is interrupted needlessly.,1,0.0,0.0,0.0,0.0,0,0.0,0,0
2,1,4,take,45,Because her work is interrupted needlessly.,Because her work is interrupted needlessly.,1,273.0,273.0,273.0,273.0,273,273.0,1,0
2,1,4,Nana,46,Because her work is interrupted needlessly.,Because her work is interrupted needlessly.,1,250.0,250.0,250.0,250.0,250,250.0,1,0
2,1,4,to,47,Because her work is interrupted needlessly.,Because her work is interrupted needlessly.,1,0.0,0.0,0.0,0.0,0,0.0,0,0
2,1,4,the,48,Because her work is interrupted needlessly.,Because her work is interrupted needlessly.,1,0.0,0.0,0.0,0.0,0,0.0,0,0
2,1,4,nursery,49,Because her work is interrupted needlessly.,Because her work is interrupted needlessly.,1,323.0,323.0,323.0,323.0,323,323.0,1,0
2,1,4,for,50,Because her work is interrupted needlessly.,Because her work is interrupted needlessly.,1,0.0,0.0,0.0,0.0,0,0.0,0,0
2,1,4,a,51,Because her work is interrupted needlessly.,Because her work is interrupted needlessly.,1,0.0,0.0,0.0,0.0,0,0.0,0,0
2,1,4,"moment,",52,Because her work is interrupted needlessly.,Because her work is interrupted needlessly.,1,378.0,378.0,378.0,378.0,378,378.0,1,0
2,1,4,but,53,Because her work is interrupted needlessly.,Because her work is interrupted needlessly.,1,171.0,171.0,0.0,0.0,0,0.0,0,0
2,1,4,in,54,Because her work is interrupted needlessly.,Because her work is interrupted needlessly.,1,217.0,217.0,217.0,217.0,217,217.0,1,0
2,1,4,custody,55,Because her work is interrupted needlessly.,Because her work is interrupted needlessly.,1,624.0,1147.0,624.0,624.0,624,624.0,1,0
2,1,4,of,56,Because her work is interrupted needlessly.,Because her work is interrupted needlessly.,1,249.0,249.0,249.0,249.0,249,943.0,1,1
2,1,4,course.,57,Because her work is interrupted needlessly.,Because her work is interrupted needlessly.,1,584.0,584.0,584.0,584.0,584,584.0,1,0
2,1,5,Mrs.,0,No,No,1,629.0,629.0,629.0,629.0,629,629.0,1,0
2,1,5,Darling,1,No,No,1,0.0,0.0,0.0,0.0,0,0.0,0,0
2,1,5,quivered,2,No,No,1,201.0,201.0,201.0,201.0,201,201.0,1,0
2,1,5,and,3,No,No,1,0.0,0.0,0.0,0.0,0,0.0,0,0
2,1,5,went,4,No,No,1,0.0,0.0,0.0,0.0,0,0.0,0,0
2,1,5,to,5,No,No,1,0.0,0.0,0.0,0.0,0,0.0,0,0
2,1,5,the,6,No,No,1,0.0,0.0,0.0,0.0,0,0.0,0,0
2,1,5,window.,7,No,No,1,583.0,583.0,583.0,583.0,583,583.0,1,0
2,1,5,It,8,No,No,1,0.0,0.0,0.0,0.0,0,0.0,0,0
2,1,5,was,9,No,No,1,0.0,0.0,0.0,0.0,0,0.0,0,0
2,1,5,securely,10,No,No,1,277.0,277.0,277.0,277.0,277,277.0,1,0
2,1,5,fastened.,11,No,No,1,430.0,430.0,430.0,430.0,430,430.0,1,0
2,1,5,She,12,No,No,1,0.0,0.0,0.0,0.0,0,0.0,0,0
2,1,5,looked,13,No,No,1,550.0,550.0,550.0,550.0,550,550.0,1,0
2,1,5,"out,",14,No,No,1,0.0,0.0,0.0,0.0,0,0.0,0,0
2,1,5,and,15,No,No,1,224.0,224.0,0.0,0.0,0,0.0,0,0
2,1,5,the,16,No,No,1,0.0,0.0,0.0,0.0,0,0.0,0,0
2,1,5,night,17,No,No,1,0.0,0.0,0.0,0.0,0,0.0,0,0
2,1,5,was,18,No,No,1,325.0,325.0,325.0,325.0,325,549.0,1,1
2,1,5,peppered,19,No,No,1,530.0,530.0,530.0,530.0,530,530.0,1,0
2,1,5,with,20,No,No,1,0.0,0.0,0.0,0.0,0,0.0,0,0
2,1,5,stars.,21,No,No,1,500.0,500.0,500.0,500.0,500,500.0,1,0
2,1,5,They,22,No,No,1,0.0,0.0,0.0,0.0,0,0.0,0,0
2,1,5,were,23,No,No,1,0.0,0.0,0.0,0.0,0,0.0,0,0
2,1,5,crowding,24,No,No,1,0.0,0.0,0.0,0.0,0,0.0,0,0
2,1,5,round,25,No,No,1,227.0,227.0,0.0,0.0,0,0.0,0,0
2,1,5,the,26,No,No,1,0.0,0.0,0.0,0.0,0,0.0,0,0
2,1,5,"house,",27,No,No,1,249.0,599.0,249.0,599.0,599,826.0,1,1
2,1,5,as,28,No,No,1,181.0,181.0,181.0,181.0,181,181.0,1,0
2,1,5,if,29,No,No,1,0.0,0.0,0.0,0.0,0,0.0,0,0
2,1,5,curious,30,No,No,1,181.0,181.0,181.0,181.0,181,181.0,1,0
2,1,5,to,31,No,No,1,0.0,0.0,0.0,0.0,0,0.0,0,0
2,1,5,see,32,No,No,1,0.0,0.0,0.0,0.0,0,0.0,0,0
2,1,5,what,33,No,No,1,0.0,0.0,0.0,0.0,0,0.0,0,0
2,1,5,was,34,No,No,1,442.0,442.0,442.0,442.0,442,442.0,1,0
2,1,5,to,35,No,No,1,0.0,0.0,0.0,0.0,0,0.0,0,0
2,1,5,take,36,No,No,1,0.0,0.0,0.0,0.0,0,0.0,0,0
2,1,5,place,37,No,No,1,0.0,0.0,0.0,0.0,0,0.0,0,0
2,1,5,"there,",38,No,No,1,176.0,176.0,176.0,176.0,176,176.0,1,0
2,1,5,but,39,No,No,1,354.0,354.0,354.0,354.0,354,354.0,1,0
2,1,5,she,40,No,No,1,369.0,369.0,369.0,369.0,369,369.0,1,0
2,1,5,did,41,No,No,1,0.0,0.0,0.0,0.0,0,0.0,0,0
2,1,5,not,42,No,No,1,0.0,0.0,0.0,0.0,0,0.0,0,0
2,1,5,notice,43,No,No,1,298.0,298.0,298.0,298.0,298,298.0,1,0
2,1,5,"this,",44,No,No,1,0.0,0.0,0.0,0.0,0,0.0,0,0
2,1,5,nor,45,No,No,1,0.0,0.0,0.0,0.0,0,0.0,0,0
2,1,5,that,46,No,No,1,0.0,0.0,0.0,0.0,0,0.0,0,0
2,1,5,one,47,No,No,1,221.0,221.0,221.0,221.0,221,221.0,1,0
2,1,5,or,48,No,No,1,0.0,0.0,0.0,0.0,0,0.0,0,0
2,1,5,two,49,No,No,1,0.0,0.0,0.0,0.0,0,0.0,0,0
2,1,5,of,50,No,No,1,0.0,0.0,0.0,0.0,0,0.0,0,0
2,1,5,the,51,No,No,1,173.0,173.0,173.0,173.0,173,173.0,1,0
2,1,5,smaller,52,No,No,1,275.0,275.0,275.0,275.0,275,275.0,1,0
2,1,5,ones,53,No,No,1,0.0,0.0,0.0,0.0,0,0.0,0,0
2,1,5,winked,54,No,No,1,520.0,520.0,520.0,520.0,520,520.0,1,0
2,1,5,at,55,No,No,1,0.0,0.0,0.0,0.0,0,0.0,0,0
2,1,5,her.,56,No,No,1,0.0,0.0,0.0,0.0,0,0.0,0,0
2,1,6,Seeing,0,He was afraid of Peter and his dagger.,He couldn’t get over the bulwarks.,0,175.0,175.0,175.0,175.0,175,175.0,1,0
2,1,6,Peter,1,He was afraid of Peter and his dagger.,He couldn’t get over the bulwarks.,0,0.0,0.0,0.0,0.0,0,0.0,0,0
2,1,6,slowly,2,He was afraid of Peter and his dagger.,He couldn’t get over the bulwarks.,0,576.0,576.0,576.0,576.0,576,576.0,1,0
2,1,6,advancing,3,He was afraid of Peter and his dagger.,He couldn’t get over the bulwarks.,0,200.0,200.0,200.0,200.0,200,200.0,1,0
2,1,6,upon,4,He was afraid of Peter and his dagger.,He couldn’t get over the bulwarks.,0,0.0,0.0,0.0,0.0,0,0.0,0,0
2,1,6,him,5,He was afraid of Peter and his dagger.,He couldn’t get over the bulwarks.,0,479.0,479.0,479.0,479.0,479,479.0,1,0
2,1,6,through,6,He was afraid of Peter and his dagger.,He couldn’t get over the bulwarks.,0,0.0,0.0,0.0,0.0,0,0.0,0,0
2,1,6,the,7,He was afraid of Peter and his dagger.,He couldn’t get over the bulwarks.,0,0.0,0.0,0.0,0.0,0,0.0,0,0
2,1,6,air,8,He was afraid of Peter and his dagger.,He couldn’t get over the bulwarks.,0,0.0,0.0,0.0,0.0,0,0.0,0,0
2,1,6,with,9,He was afraid of Peter and his dagger.,He couldn’t get over the bulwarks.,0,350.0,350.0,350.0,350.0,350,350.0,1,0
2,1,6,dagger,10,He was afraid of Peter and his dagger.,He couldn’t get over the bulwarks.,0,0.0,0.0,0.0,0.0,0,0.0,0,0
2,1,6,"poised,",11,He was afraid of Peter and his dagger.,He couldn’t get over the bulwarks.,0,250.0,250.0,250.0,250.0,250,250.0,1,0
2,1,6,he,12,He was afraid of Peter and his dagger.,He couldn’t get over the bulwarks.,0,0.0,0.0,0.0,0.0,0,0.0,0,0
2,1,6,sprang,13,He was afraid of Peter and his dagger.,He couldn’t get over the bulwarks.,0,228.0,228.0,228.0,228.0,228,228.0,1,0
2,1,6,upon,14,He was afraid of Peter and his dagger.,He couldn’t get over the bulwarks.,0,221.0,221.0,221.0,221.0,221,221.0,1,0
2,1,6,the,15,He was afraid of Peter and his dagger.,He couldn’t get over the bulwarks.,0,0.0,0.0,0.0,0.0,0,0.0,0,0
2,1,6,bulwarks,16,He was afraid of Peter and his dagger.,He couldn’t get over the bulwarks.,0,0.0,0.0,0.0,0.0,0,0.0,0,0
2,1,6,to,17,He was afraid of Peter and his dagger.,He couldn’t get over the bulwarks.,0,398.0,398.0,398.0,398.0,398,398.0,1,0
2,1,6,cast,18,He was afraid of Peter and his dagger.,He couldn’t get over the bulwarks.,0,0.0,0.0,0.0,0.0,0,0.0,0,0
2,1,6,himself,19,He was afraid of Peter and his dagger.,He couldn’t get over the bulwarks.,0,202.0,202.0,202.0,202.0,202,202.0,1,0
2,1,6,into,20,He was afraid of Peter and his dagger.,He couldn’t get over the bulwarks.,0,0.0,0.0,0.0,0.0,0,0.0,0,0
2,1,6,the,21,He was afraid of Peter and his dagger.,He couldn’t get over the bulwarks.,0,0.0,0.0,0.0,0.0,0,0.0,0,0
2,1,6,sea.,22,He was afraid of Peter and his dagger.,He couldn’t get over the bulwarks.,0,468.0,468.0,468.0,468.0,468,468.0,1,0
2,1,6,He,23,He was afraid of Peter and his dagger.,He couldn’t get over the bulwarks.,0,0.0,0.0,0.0,0.0,0,0.0,0,0
2,1,6,did,24,He was afraid of Peter and his dagger.,He couldn’t get over the bulwarks.,0,0.0,0.0,0.0,0.0,0,0.0,0,0
2,1,6,not,25,He was afraid of Peter and his dagger.,He couldn’t get over the bulwarks.,0,0.0,0.0,0.0,0.0,0,0.0,0,0
2,1,6,know,26,He was afraid of Peter and his dagger.,He couldn’t get over the bulwarks.,0,0.0,0.0,0.0,0.0,0,0.0,0,0
2,1,6,that,27,He was afraid of Peter and his dagger.,He couldn’t get over the bulwarks.,0,200.0,200.0,200.0,200.0,200,200.0,1,0
2,1,6,the,28,He was afraid of Peter and his dagger.,He couldn’t get over the bulwarks.,0,227.0,227.0,227.0,227.0,227,227.0,1,0
2,1,6,crocodile,29,He was afraid of Peter and his dagger.,He couldn’t get over the bulwarks.,0,500.0,500.0,500.0,500.0,500,500.0,1,0
2,1,6,was,30,He was afraid of Peter and his dagger.,He couldn’t get over the bulwarks.,0,0.0,0.0,0.0,0.0,0,0.0,0,0
2,1,6,waiting,31,He was afraid of Peter and his dagger.,He couldn’t get over the bulwarks.,0,333.0,333.0,333.0,333.0,333,333.0,1,0
2,1,6,for,32,He was afraid of Peter and his dagger.,He couldn’t get over the bulwarks.,0,0.0,0.0,0.0,0.0,0,0.0,0,0
2,1,6,him;,33,He was afraid of Peter and his dagger.,He couldn’t get over the bulwarks.,0,0.0,0.0,0.0,0.0,0,0.0,0,0
2,1,6,for,34,He was afraid of Peter and his dagger.,He couldn’t get over the bulwarks.,0,416.0,640.0,416.0,416.0,416,416.0,1,0
2,1,6,we,35,He was afraid of Peter and his dagger.,He couldn’t get over the bulwarks.,0,0.0,0.0,0.0,0.0,0,0.0,0,0
2,1,6,purposely,36,He was afraid of Peter and his dagger.,He couldn’t get over the bulwarks.,0,228.0,778.0,228.0,228.0,228,228.0,1,0
2,1,6,stopped,37,He was afraid of Peter and his dagger.,He couldn’t get over the bulwarks.,0,0.0,0.0,0.0,0.0,0,0.0,0,0
2,1,6,the,38,He was afraid of Peter and his dagger.,He couldn’t get over the bulwarks.,0,225.0,225.0,225.0,225.0,225,225.0,1,0
2,1,6,clock,39,He was afraid of Peter and his dagger.,He couldn’t get over the bulwarks.,0,173.0,173.0,0.0,0.0,0,0.0,0,0
2,1,6,that,40,He was afraid of Peter and his dagger.,He couldn’t get over the bulwarks.,0,451.0,451.0,451.0,451.0,451,451.0,1,0
2,1,6,this,41,He was afraid of Peter and his dagger.,He couldn’t get over the bulwarks.,0,0.0,0.0,0.0,0.0,0,0.0,0,0
2,1,6,knowledge,42,He was afraid of Peter and his dagger.,He couldn’t get over the bulwarks.,0,317.0,665.0,317.0,665.0,665,838.0,1,1
2,1,6,might,43,He was afraid of Peter and his dagger.,He couldn’t get over the bulwarks.,0,207.0,207.0,207.0,207.0,207,207.0,1,0
2,1,6,be,44,He was afraid of Peter and his dagger.,He couldn’t get over the bulwarks.,0,0.0,0.0,0.0,0.0,0,0.0,0,0
2,1,6,spared,45,He was afraid of Peter and his dagger.,He couldn’t get over the bulwarks.,0,250.0,250.0,250.0,250.0,250,250.0,1,0
2,1,6,him:,46,He was afraid of Peter and his dagger.,He couldn’t get over the bulwarks.,0,522.0,522.0,522.0,522.0,522,522.0,1,0
2,1,6,a,47,He was afraid of Peter and his dagger.,He couldn’t get over the bulwarks.,0,0.0,0.0,0.0,0.0,0,0.0,0,0
2,1,6,little,48,He was afraid of Peter and his dagger.,He couldn’t get over the bulwarks.,0,0.0,0.0,0.0,0.0,0,0.0,0,0
2,1,6,mark,49,He was afraid of Peter and his dagger.,He couldn’t get over the bulwarks.,0,200.0,200.0,200.0,200.0,200,200.0,1,0
2,1,6,of,50,He was afraid of Peter and his dagger.,He couldn’t get over the bulwarks.,0,0.0,0.0,0.0,0.0,0,0.0,0,0
2,1,6,respect,51,He was afraid of Peter and his dagger.,He couldn’t get over the bulwarks.,0,199.0,199.0,199.0,199.0,199,199.0,1,0
2,1,6,from,52,He was afraid of Peter and his dagger.,He couldn’t get over the bulwarks.,0,400.0,400.0,400.0,400.0,400,400.0,1,0
2,1,6,us,53,He was afraid of Peter and his dagger.,He couldn’t get over the bulwarks.,0,0.0,0.0,0.0,0.0,0,0.0,0,0
2,1,6,at,54,He was afraid of Peter and his dagger.,He couldn’t get over the bulwarks.,0,0.0,0.0,0.0,0.0,0,0.0,0,0
2,1,6,the,55,He was afraid of Peter and his dagger.,He couldn’t get over the bulwarks.,0,0.0,0.0,0.0,0.0,0,0.0,0,0
2,1,6,end.,56,He was afraid of Peter and his dagger.,He couldn’t get over the bulwarks.,0,249.0,249.0,249.0,249.0,249,1023.0,1,1
2,1,7,Dorothy,0,At a crossroads.,At a crossroads.,1,417.0,417.0,417.0,417.0,417,417.0,1,0
2,1,7,didn't,1,At a crossroads.,At a crossroads.,1,0.0,0.0,0.0,0.0,0,0.0,0,0
2,1,7,know.,2,At a crossroads.,At a crossroads.,1,204.0,204.0,204.0,204.0,204,204.0,1,0
2,1,7,She,3,At a crossroads.,At a crossroads.,1,0.0,0.0,0.0,0.0,0,0.0,0,0
2,1,7,looked,4,At a crossroads.,At a crossroads.,1,398.0,398.0,398.0,398.0,398,398.0,1,0
2,1,7,around,5,At a crossroads.,At a crossroads.,1,181.0,181.0,181.0,181.0,181,181.0,1,0
2,1,7,her,6,At a crossroads.,At a crossroads.,1,422.0,422.0,422.0,422.0,422,422.0,1,0
2,1,7,anxiously,7,At a crossroads.,At a crossroads.,1,203.0,203.0,203.0,203.0,203,203.0,1,0
2,1,7,for,8,At a crossroads.,At a crossroads.,1,0.0,0.0,0.0,0.0,0,0.0,0,0
2,1,7,some,9,At a crossroads.,At a crossroads.,1,445.0,445.0,445.0,445.0,445,445.0,1,0
2,1,7,familiar,10,At a crossroads.,At a crossroads.,1,177.0,177.0,177.0,177.0,177,177.0,1,0
2,1,7,landmark;,11,At a crossroads.,At a crossroads.,1,625.0,625.0,625.0,625.0,625,625.0,1,0
2,1,7,but,12,At a crossroads.,At a crossroads.,1,0.0,0.0,0.0,0.0,0,0.0,0,0
2,1,7,everything,13,At a crossroads.,At a crossroads.,1,275.0,275.0,275.0,275.0,275,275.0,1,0
2,1,7,was,14,At a crossroads.,At a crossroads.,1,0.0,0.0,0.0,0.0,0,0.0,0,0
2,1,7,strange.,15,At a crossroads.,At a crossroads.,1,725.0,725.0,725.0,725.0,725,725.0,1,0
2,1,7,Between,16,At a crossroads.,At a crossroads.,1,379.0,379.0,379.0,379.0,379,379.0,1,0
2,1,7,the,17,At a crossroads.,At a crossroads.,1,0.0,0.0,0.0,0.0,0,0.0,0,0
2,1,7,branches,18,At a crossroads.,At a crossroads.,1,599.0,599.0,599.0,599.0,599,599.0,1,0
2,1,7,of,19,At a crossroads.,At a crossroads.,1,0.0,0.0,0.0,0.0,0,0.0,0,0
2,1,7,the,20,At a crossroads.,At a crossroads.,1,0.0,0.0,0.0,0.0,0,0.0,0,0
2,1,7,many,21,At a crossroads.,At a crossroads.,1,205.0,205.0,205.0,205.0,205,205.0,1,0
2,1,7,roads,22,At a crossroads.,At a crossroads.,1,493.0,493.0,493.0,493.0,493,493.0,1,0
2,1,7,were,23,At a crossroads.,At a crossroads.,1,0.0,0.0,0.0,0.0,0,0.0,0,0
2,1,7,green,24,At a crossroads.,At a crossroads.,1,324.0,324.0,324.0,324.0,324,324.0,1,0
2,1,7,meadows,25,At a crossroads.,At a crossroads.,1,350.0,350.0,350.0,350.0,350,350.0,1,0
2,1,7,and,26,At a crossroads.,At a crossroads.,1,180.0,180.0,0.0,0.0,0,0.0,0,0
2,1,7,a,27,At a crossroads.,At a crossroads.,1,0.0,0.0,0.0,0.0,0,0.0,0,0
2,1,7,few,28,At a crossroads.,At a crossroads.,1,0.0,0.0,0.0,0.0,0,0.0,0,0
2,1,7,shrubs,29,At a crossroads.,At a crossroads.,1,180.0,180.0,0.0,0.0,0,0.0,0,0
2,1,7,and,30,At a crossroads.,At a crossroads.,1,370.0,568.0,370.0,568.0,568,928.0,1,1
2,1,7,"trees,",31,At a crossroads.,At a crossroads.,1,0.0,0.0,0.0,0.0,0,0.0,0,0
2,1,7,but,32,At a crossroads.,At a crossroads.,1,0.0,0.0,0.0,0.0,0,0.0,0,0
2,1,7,she,33,At a crossroads.,At a crossroads.,1,648.0,648.0,648.0,648.0,648,648.0,1,0
2,1,7,couldn't,34,At a crossroads.,At a crossroads.,1,547.0,547.0,547.0,547.0,547,547.0,1,0
2,1,7,see,35,At a crossroads.,At a crossroads.,1,176.0,176.0,176.0,176.0,176,176.0,1,0
2,1,7,the,36,At a crossroads.,At a crossroads.,1,428.0,428.0,428.0,428.0,428,428.0,1,0
2,1,7,farm-house,37,At a crossroads.,At a crossroads.,1,499.0,499.0,499.0,499.0,499,499.0,1,0
2,1,7,from,38,At a crossroads.,At a crossroads.,1,276.0,276.0,276.0,276.0,276,276.0,1,0
2,1,7,which,39,At a crossroads.,At a crossroads.,1,200.0,200.0,200.0,200.0,200,200.0,1,0
2,1,7,she,40,At a crossroads.,At a crossroads.,1,271.0,271.0,271.0,271.0,271,271.0,1,0
2,1,7,had,41,At a crossroads.,At a crossroads.,1,0.0,0.0,0.0,0.0,0,0.0,0,0
2,1,7,just,42,At a crossroads.,At a crossroads.,1,277.0,277.0,277.0,277.0,277,277.0,1,0
2,1,7,"come,",43,At a crossroads.,At a crossroads.,1,0.0,0.0,0.0,0.0,0,0.0,0,0
2,1,7,or,44,At a crossroads.,At a crossroads.,1,0.0,0.0,0.0,0.0,0,0.0,0,0
2,1,7,anything,45,At a crossroads.,At a crossroads.,1,550.0,550.0,550.0,550.0,550,550.0,1,0
2,1,7,she,46,At a crossroads.,At a crossroads.,1,0.0,0.0,0.0,0.0,0,0.0,0,0
2,1,7,had,47,At a crossroads.,At a crossroads.,1,0.0,0.0,0.0,0.0,0,0.0,0,0
2,1,7,ever,48,At a crossroads.,At a crossroads.,1,200.0,200.0,200.0,200.0,200,200.0,1,0
2,1,7,seen,49,At a crossroads.,At a crossroads.,1,0.0,0.0,0.0,0.0,0,0.0,0,0
2,1,7,"before,",50,At a crossroads.,At a crossroads.,1,453.0,453.0,453.0,453.0,453,453.0,1,0
2,1,7,except,51,At a crossroads.,At a crossroads.,1,0.0,0.0,0.0,0.0,0,0.0,0,0
2,1,7,the,52,At a crossroads.,At a crossroads.,1,0.0,0.0,0.0,0.0,0,0.0,0,0
2,1,7,shaggy,53,At a crossroads.,At a crossroads.,1,201.0,201.0,201.0,201.0,201,201.0,1,0
2,1,7,man,54,At a crossroads.,At a crossroads.,1,0.0,0.0,0.0,0.0,0,0.0,0,0
2,1,7,and,55,At a crossroads.,At a crossroads.,1,250.0,250.0,250.0,250.0,250,250.0,1,0
2,1,7,Toto.,56,At a crossroads.,At a crossroads.,1,0.0,0.0,0.0,0.0,0,0.0,0,0
