expr_id,cond_id,para_nr,word,word_nr,response_true,sent_rg_id,sent_rg,response_chosen,correctness,first_duration,total_duration,gaze_duration,right_bounded_rt,go_past_time,FPFix,FPReg
1,8,118,The,0,no,-1,other,no,1.0,348.0,691.0,348.0,348.0,348.0,1.0,0.0
1,8,118,father,1,no,-1,other,no,1.0,206.0,405.0,206.0,206.0,206.0,1.0,0.0
1,8,118,of,2,no,-1,other,no,1.0,0.0,0.0,0.0,0.0,0.0,0.0,0.0
1,8,118,the,3,no,-1,other,no,1.0,293.0,692.0,293.0,293.0,293.0,1.0,0.0
1,8,118,pretty,4,no,-1,other,no,1.0,355.0,1205.0,355.0,355.0,355.0,1.0,0.0
1,8,118,girl,5,no,-1,other,no,1.0,494.0,702.0,494.0,494.0,494.0,1.0,0.0
1,8,118,cleaned,6,no,-1,other,no,1.0,201.0,544.0,201.0,544.0,2543.0,1.0,1.0
1,8,118,up,7,no,-1,other,no,1.0,198.0,198.0,198.0,198.0,198.0,1.0,0.0
1,8,118,the,8,no,-1,other,no,1.0,251.0,251.0,251.0,251.0,251.0,1.0,0.0
1,8,118,house,9,no,-1,other,no,1.0,253.0,253.0,253.0,253.0,253.0,1.0,0.0
1,8,118,all,10,no,-1,other,no,1.0,0.0,0.0,0.0,0.0,0.0,0.0,0.0
1,8,118,by,11,no,-1,other,no,1.0,0.0,0.0,0.0,0.0,0.0,0.0,0.0
1,8,118,himself,12,no,-1,other,no,1.0,349.0,349.0,349.0,349.0,349.0,1.0,0.0
1,8,118,last,13,no,-1,other,no,1.0,0.0,0.0,0.0,0.0,0.0,0.0,0.0
1,8,118,week.,14,no,-1,other,no,1.0,2754.0,2754.0,2754.0,2754.0,2754.0,1.0,0.0
1,8,117,Bill,0,yes,-1,other,yes,1.0,553.0,553.0,553.0,553.0,553.0,1.0,0.0
1,8,117,will,1,yes,-1,other,yes,1.0,0.0,0.0,0.0,0.0,0.0,0.0,0.0
1,8,117,quit,2,yes,-1,other,yes,1.0,552.0,552.0,552.0,552.0,552.0,1.0,0.0
1,8,117,his,3,yes,-1,other,yes,1.0,950.0,950.0,950.0,950.0,950.0,1.0,0.0
1,8,117,job,4,yes,-1,other,yes,1.0,0.0,0.0,0.0,0.0,0.0,0.0,0.0
1,8,117,next,5,yes,-1,other,yes,1.0,0.0,0.0,0.0,0.0,0.0,0.0,0.0
1,8,117,month,6,yes,-1,other,yes,1.0,401.0,401.0,401.0,401.0,401.0,1.0,0.0
1,8,117,to,7,yes,-1,other,yes,1.0,0.0,0.0,0.0,0.0,0.0,0.0,0.0
1,8,117,take,8,yes,-1,other,yes,1.0,296.0,296.0,296.0,296.0,296.0,1.0,0.0
1,8,117,care,9,yes,-1,other,yes,1.0,0.0,0.0,0.0,0.0,0.0,0.0,0.0
1,8,117,of,10,yes,-1,other,yes,1.0,0.0,0.0,0.0,0.0,0.0,0.0,0.0
1,8,117,his,11,yes,-1,other,yes,1.0,0.0,0.0,0.0,0.0,0.0,0.0,0.0
1,8,117,kids,12,yes,-1,other,yes,1.0,205.0,205.0,205.0,205.0,205.0,1.0,0.0
1,8,117,and,13,yes,-1,other,yes,1.0,0.0,0.0,0.0,0.0,0.0,0.0,0.0
1,8,117,step-children.,14,yes,-1,other,yes,1.0,0.0,0.0,0.0,0.0,0.0,0.0,0.0
1,8,116,The,0,yes,-1,other,yes,1.0,544.0,544.0,544.0,544.0,544.0,1.0,0.0
1,8,116,thief,1,yes,-1,other,yes,1.0,253.0,750.0,253.0,253.0,253.0,1.0,0.0
1,8,116,noticed,2,yes,-1,other,yes,1.0,897.0,1350.0,897.0,1350.0,1847.0,1.0,1.0
1,8,116,the,3,yes,-1,other,yes,1.0,401.0,401.0,401.0,401.0,401.0,1.0,0.0
1,8,116,boy,4,yes,-1,other,yes,1.0,196.0,196.0,196.0,196.0,196.0,1.0,0.0
1,8,116,and,5,yes,-1,other,yes,1.0,206.0,206.0,206.0,206.0,206.0,1.0,0.0
1,8,116,the,6,yes,-1,other,yes,1.0,403.0,403.0,403.0,403.0,403.0,1.0,0.0
1,8,116,girl,7,yes,-1,other,yes,1.0,341.0,341.0,341.0,341.0,341.0,1.0,0.0
1,8,116,watching,8,yes,-1,other,yes,1.0,661.0,661.0,661.0,661.0,661.0,1.0,0.0
1,8,116,him,9,yes,-1,other,yes,1.0,339.0,339.0,339.0,339.0,339.0,1.0,0.0
1,8,116,from,10,yes,-1,other,yes,1.0,0.0,0.0,0.0,0.0,0.0,0.0,0.0
1,8,116,the,11,yes,-1,other,yes,1.0,0.0,0.0,0.0,0.0,0.0,0.0,0.0
1,8,116,upstairs,12,yes,-1,other,yes,1.0,202.0,202.0,202.0,202.0,202.0,1.0,0.0
1,8,116,window.,13,yes,-1,other,yes,1.0,3214.0,3214.0,3214.0,3214.0,3214.0,1.0,0.0
1,8,115,The,0,yes,-1,other,yes,1.0,400.0,400.0,400.0,400.0,400.0,1.0,0.0
1,8,115,boy,1,yes,-1,other,yes,1.0,0.0,0.0,0.0,0.0,0.0,0.0,0.0
1,8,115,who,2,yes,-1,other,yes,1.0,202.0,202.0,202.0,202.0,202.0,1.0,0.0
1,8,115,was,3,yes,-1,other,yes,1.0,348.0,348.0,348.0,348.0,348.0,1.0,0.0
1,8,115,wearing,4,yes,-1,other,yes,1.0,400.0,400.0,400.0,400.0,400.0,1.0,0.0
1,8,115,a,5,yes,-1,other,yes,1.0,0.0,0.0,0.0,0.0,0.0,0.0,0.0
1,8,115,blue,6,yes,-1,other,yes,1.0,256.0,256.0,256.0,256.0,256.0,1.0,0.0
1,8,115,cap,7,yes,-1,other,yes,1.0,299.0,299.0,299.0,299.0,299.0,1.0,0.0
1,8,115,went,8,yes,-1,other,yes,1.0,251.0,251.0,251.0,251.0,251.0,1.0,0.0
1,8,115,missing,9,yes,-1,other,yes,1.0,548.0,548.0,548.0,548.0,548.0,1.0,0.0
1,8,115,on,10,yes,-1,other,yes,1.0,0.0,0.0,0.0,0.0,0.0,0.0,0.0
1,8,115,his,11,yes,-1,other,yes,1.0,0.0,0.0,0.0,0.0,0.0,0.0,0.0
1,8,115,way,12,yes,-1,other,yes,1.0,201.0,201.0,201.0,201.0,201.0,1.0,0.0
1,8,115,home,13,yes,-1,other,yes,1.0,0.0,0.0,0.0,0.0,0.0,0.0,0.0
1,8,115,last,14,yes,-1,other,yes,1.0,0.0,0.0,0.0,0.0,0.0,0.0,0.0
1,8,115,week.,15,yes,-1,other,yes,1.0,2829.0,2829.0,2829.0,2829.0,2829.0,1.0,0.0
1,8,114,Hugh,0,no,-1,other,no,1.0,559.0,559.0,559.0,559.0,559.0,1.0,0.0
1,8,114,took,1,no,-1,other,no,1.0,0.0,0.0,0.0,0.0,0.0,0.0,0.0
1,8,114,too,2,no,-1,other,no,1.0,0.0,0.0,0.0,0.0,0.0,0.0,0.0
1,8,114,long,3,no,-1,other,no,1.0,788.0,788.0,788.0,788.0,788.0,1.0,0.0
1,8,114,to,4,no,-1,other,no,1.0,0.0,0.0,0.0,0.0,0.0,0.0,0.0
1,8,114,"propose,",5,no,-1,other,no,1.0,550.0,550.0,550.0,550.0,550.0,1.0,0.0
1,8,114,and,6,no,-1,other,no,1.0,308.0,308.0,308.0,308.0,308.0,1.0,0.0
1,8,114,his,7,no,-1,other,no,1.0,0.0,0.0,0.0,0.0,0.0,0.0,0.0
1,8,114,girlfriend,8,no,-1,other,no,1.0,607.0,607.0,607.0,607.0,607.0,1.0,0.0
1,8,114,decided,9,no,-1,other,no,1.0,291.0,291.0,291.0,291.0,291.0,1.0,0.0
1,8,114,to,10,no,-1,other,no,1.0,0.0,0.0,0.0,0.0,0.0,0.0,0.0
1,8,114,marry,11,no,-1,other,no,1.0,252.0,252.0,252.0,252.0,252.0,1.0,0.0
1,8,114,someone,12,no,-1,other,no,1.0,205.0,205.0,205.0,205.0,205.0,1.0,0.0
1,8,114,else.,13,no,-1,other,no,1.0,3914.0,3914.0,3914.0,3914.0,3914.0,1.0,0.0
1,8,113,The,0,yes,-1,other,yes,1.0,407.0,407.0,407.0,407.0,407.0,1.0,0.0
1,8,113,old,1,yes,-1,other,yes,1.0,0.0,0.0,0.0,0.0,0.0,0.0,0.0
1,8,113,man,2,yes,-1,other,yes,1.0,295.0,295.0,295.0,295.0,295.0,1.0,0.0
1,8,113,amused,3,yes,-1,other,yes,1.0,804.0,804.0,804.0,804.0,804.0,1.0,0.0
1,8,113,himself,4,yes,-1,other,yes,1.0,246.0,246.0,246.0,246.0,246.0,1.0,0.0
1,8,113,by,5,yes,-1,other,yes,1.0,0.0,0.0,0.0,0.0,0.0,0.0,0.0
1,8,113,gossiping,6,yes,-1,other,yes,1.0,446.0,446.0,446.0,446.0,446.0,1.0,0.0
1,8,113,with,7,yes,-1,other,yes,1.0,204.0,204.0,204.0,204.0,204.0,1.0,0.0
1,8,113,his,8,yes,-1,other,yes,1.0,0.0,0.0,0.0,0.0,0.0,0.0,0.0
1,8,113,children,9,yes,-1,other,yes,1.0,350.0,350.0,350.0,350.0,350.0,1.0,0.0
1,8,113,and,10,yes,-1,other,yes,1.0,0.0,0.0,0.0,0.0,0.0,0.0,0.0
1,8,113,friends.,11,yes,-1,other,yes,1.0,0.0,0.0,0.0,0.0,0.0,0.0,0.0
1,8,112,Jane,0,no,-1,other,no,1.0,454.0,664.0,454.0,454.0,454.0,1.0,0.0
1,8,112,and,1,no,-1,other,no,1.0,0.0,0.0,0.0,0.0,0.0,0.0,0.0
1,8,112,John,2,no,-1,other,no,1.0,398.0,398.0,398.0,398.0,398.0,1.0,0.0
1,8,112,studied,3,no,-1,other,no,1.0,550.0,850.0,550.0,550.0,550.0,1.0,0.0
1,8,112,math,4,no,-1,other,no,1.0,210.0,210.0,0.0,0.0,0.0,0.0,0.0
1,8,112,and,5,no,-1,other,no,1.0,347.0,536.0,347.0,347.0,347.0,1.0,0.0
1,8,112,history,6,no,-1,other,no,1.0,400.0,749.0,400.0,400.0,400.0,1.0,0.0
1,8,112,"yesterday,",7,no,-1,other,no,1.0,601.0,601.0,601.0,601.0,601.0,1.0,0.0
1,8,112,but,8,no,-1,other,no,1.0,164.0,164.0,164.0,164.0,164.0,1.0,0.0
1,8,112,they,9,no,-1,other,no,1.0,340.0,3262.0,340.0,340.0,340.0,1.0,0.0
1,8,112,failed,10,no,-1,other,no,1.0,296.0,296.0,296.0,296.0,296.0,1.0,0.0
1,8,112,the,11,no,-1,other,no,1.0,202.0,202.0,202.0,202.0,202.0,1.0,0.0
1,8,112,exams.,12,no,-1,other,no,1.0,2748.0,2748.0,2748.0,2748.0,6928.0,1.0,1.0
1,8,111,The,0,yes,-1,other,yes,1.0,551.0,551.0,551.0,551.0,551.0,1.0,0.0
1,8,111,infant,1,yes,-1,other,yes,1.0,199.0,199.0,199.0,199.0,199.0,1.0,0.0
1,8,111,was,2,yes,-1,other,yes,1.0,300.0,300.0,300.0,300.0,300.0,1.0,0.0
1,8,111,able,3,yes,-1,other,yes,1.0,452.0,452.0,452.0,452.0,452.0,1.0,0.0
1,8,111,to,4,yes,-1,other,yes,1.0,0.0,0.0,0.0,0.0,0.0,0.0,0.0
1,8,111,stand,5,yes,-1,other,yes,1.0,300.0,300.0,300.0,300.0,300.0,1.0,0.0
1,8,111,by,6,yes,-1,other,yes,1.0,0.0,0.0,0.0,0.0,0.0,0.0,0.0
1,8,111,himself,7,yes,-1,other,yes,1.0,302.0,302.0,302.0,302.0,302.0,1.0,0.0
1,8,111,for,8,yes,-1,other,yes,1.0,0.0,0.0,0.0,0.0,0.0,0.0,0.0
1,8,111,the,9,yes,-1,other,yes,1.0,0.0,0.0,0.0,0.0,0.0,0.0,0.0
1,8,111,first,10,yes,-1,other,yes,1.0,0.0,0.0,0.0,0.0,0.0,0.0,0.0
1,8,111,time,11,yes,-1,other,yes,1.0,250.0,250.0,250.0,250.0,250.0,1.0,0.0
1,8,111,last,12,yes,-1,other,yes,1.0,0.0,0.0,0.0,0.0,0.0,0.0,0.0
1,8,111,week.,13,yes,-1,other,yes,1.0,3035.0,3035.0,3035.0,3035.0,3035.0,1.0,0.0
1,7,103,Maya,0,yes,-1,other,yes,1.0,401.0,401.0,0.0,0.0,0.0,0.0,0.0
1,7,103,played,1,yes,-1,other,yes,1.0,648.0,648.0,648.0,648.0,1049.0,1.0,1.0
1,7,103,with,2,yes,-1,other,yes,1.0,0.0,0.0,0.0,0.0,0.0,0.0,0.0
1,7,103,the,3,yes,-1,other,yes,1.0,198.0,198.0,198.0,198.0,198.0,1.0,0.0
1,7,103,blocks,4,yes,-1,other,yes,1.0,201.0,201.0,201.0,201.0,201.0,1.0,0.0
1,7,103,and,5,yes,-1,other,yes,1.0,299.0,299.0,299.0,299.0,299.0,1.0,0.0
1,7,103,the,6,yes,-1,other,yes,1.0,200.0,200.0,200.0,200.0,200.0,1.0,0.0
1,7,103,"balls,",7,yes,-1,other,yes,1.0,201.0,201.0,201.0,201.0,201.0,1.0,0.0
1,7,103,but,8,yes,-1,other,yes,1.0,0.0,0.0,0.0,0.0,0.0,0.0,0.0
1,7,103,she,9,yes,-1,other,yes,1.0,253.0,253.0,253.0,253.0,253.0,1.0,0.0
1,7,103,soon,10,yes,-1,other,yes,1.0,0.0,0.0,0.0,0.0,0.0,0.0,0.0
1,7,103,got,11,yes,-1,other,yes,1.0,401.0,401.0,401.0,401.0,401.0,1.0,0.0
1,7,103,bored,12,yes,-1,other,yes,1.0,0.0,0.0,0.0,0.0,0.0,0.0,0.0
1,7,103,with,13,yes,-1,other,yes,1.0,0.0,0.0,0.0,0.0,0.0,0.0,0.0
1,7,103,them.,14,yes,-1,other,yes,1.0,0.0,0.0,0.0,0.0,0.0,0.0,0.0
1,7,102,The,0,no,-1,other,no,1.0,396.0,396.0,396.0,396.0,396.0,1.0,0.0
1,7,102,patient,1,no,-1,other,no,1.0,201.0,201.0,201.0,201.0,201.0,1.0,0.0
1,7,102,who,2,no,-1,other,no,1.0,0.0,0.0,0.0,0.0,0.0,0.0,0.0
1,7,102,the,3,no,-1,other,no,1.0,299.0,299.0,0.0,0.0,0.0,0.0,0.0
1,7,102,doctor,4,no,-1,other,no,1.0,643.0,843.0,643.0,843.0,1142.0,1.0,1.0
1,7,102,treated,5,no,-1,other,no,1.0,306.0,306.0,306.0,306.0,306.0,1.0,0.0
1,7,102,became,6,no,-1,other,no,1.0,451.0,451.0,451.0,451.0,451.0,1.0,0.0
1,7,102,better,7,no,-1,other,no,1.0,244.0,244.0,244.0,244.0,244.0,1.0,0.0
1,7,102,after,8,no,-1,other,no,1.0,354.0,354.0,354.0,354.0,354.0,1.0,0.0
1,7,102,only,9,no,-1,other,no,1.0,303.0,303.0,303.0,303.0,303.0,1.0,0.0
1,7,102,a,10,no,-1,other,no,1.0,0.0,0.0,0.0,0.0,0.0,0.0,0.0
1,7,102,few,11,no,-1,other,no,1.0,0.0,0.0,0.0,0.0,0.0,0.0,0.0
1,7,102,treatments.,12,no,-1,other,no,1.0,353.0,353.0,353.0,353.0,353.0,1.0,0.0
1,7,101,The,0,no,-1,other,no,1.0,356.0,356.0,356.0,356.0,356.0,1.0,0.0
1,7,101,husband,1,no,-1,other,no,1.0,194.0,194.0,194.0,194.0,194.0,1.0,0.0
1,7,101,of,2,no,-1,other,no,1.0,0.0,0.0,0.0,0.0,0.0,0.0,0.0
1,7,101,the,3,no,-1,other,no,1.0,0.0,0.0,0.0,0.0,0.0,0.0,0.0
1,7,101,beautiful,4,no,-1,other,no,1.0,1494.0,1494.0,1494.0,1494.0,1494.0,1.0,0.0
1,7,101,woman,5,no,-1,other,no,1.0,402.0,402.0,402.0,402.0,402.0,1.0,0.0
1,7,101,bought,6,no,-1,other,no,1.0,246.0,246.0,246.0,246.0,246.0,1.0,0.0
1,7,101,her,7,no,-1,other,no,1.0,356.0,356.0,356.0,356.0,356.0,1.0,0.0
1,7,101,roses,8,no,-1,other,no,1.0,343.0,343.0,343.0,343.0,343.0,1.0,0.0
1,7,101,and,9,no,-1,other,no,1.0,0.0,0.0,0.0,0.0,0.0,0.0,0.0
1,7,101,candy,10,no,-1,other,no,1.0,356.0,356.0,356.0,356.0,356.0,1.0,0.0
1,7,101,for,11,no,-1,other,no,1.0,0.0,0.0,0.0,0.0,0.0,0.0,0.0
1,7,101,her,12,no,-1,other,no,1.0,0.0,0.0,0.0,0.0,0.0,0.0,0.0
1,7,101,birthday.,13,no,-1,other,no,1.0,3893.0,3893.0,3893.0,3893.0,3893.0,1.0,0.0
1,4,64,Mike,0,no,-1,other,no,1.0,1003.0,1003.0,1003.0,1003.0,1003.0,1.0,0.0
1,4,64,watered,1,no,-1,other,no,1.0,296.0,296.0,296.0,296.0,296.0,1.0,0.0
1,4,64,the,2,no,-1,other,no,1.0,206.0,206.0,206.0,206.0,206.0,1.0,0.0
1,4,64,flower,3,no,-1,other,no,1.0,344.0,344.0,344.0,344.0,344.0,1.0,0.0
1,4,64,he,4,no,-1,other,no,1.0,0.0,0.0,0.0,0.0,0.0,0.0,0.0
1,4,64,will,5,no,-1,other,no,1.0,203.0,203.0,203.0,203.0,203.0,1.0,0.0
1,4,64,sell,6,no,-1,other,no,1.0,200.0,200.0,200.0,200.0,200.0,1.0,0.0
1,4,64,"tomorrow,",7,no,0,Adverb,no,1.0,752.0,752.0,752.0,752.0,752.0,1.0,0.0
1,4,64,but,8,no,1,AdverP1,no,1.0,0.0,0.0,0.0,0.0,0.0,0.0,0.0
1,4,64,he,9,no,1,AdverP1,no,1.0,246.0,246.0,246.0,246.0,246.0,1.0,0.0
1,4,64,forgot,10,no,1,AdverP1,no,1.0,251.0,251.0,251.0,251.0,251.0,1.0,0.0
1,4,64,to,11,no,2,AdverP2,no,1.0,0.0,0.0,0.0,0.0,0.0,0.0,0.0
1,4,64,water,12,no,2,AdverP2,no,1.0,201.0,201.0,201.0,201.0,201.0,1.0,0.0
1,4,64,the,13,no,2,AdverP2,no,1.0,0.0,0.0,0.0,0.0,0.0,0.0,0.0
1,4,64,bush.,14,no,2,AdverP2,no,1.0,342.0,342.0,342.0,342.0,342.0,1.0,0.0
1,4,63,Mary,0,no,-1,other,no,1.0,898.0,1202.0,898.0,898.0,898.0,1.0,0.0
1,4,63,called,1,no,-1,other,no,1.0,198.0,495.0,198.0,198.0,198.0,1.0,0.0
1,4,63,the,2,no,-1,other,no,1.0,201.0,201.0,201.0,201.0,201.0,1.0,0.0
1,4,63,applicant,3,no,-1,other,no,1.0,1003.0,1455.0,1003.0,1003.0,1003.0,1.0,0.0
1,4,63,she,4,no,-1,other,no,1.0,196.0,497.0,196.0,196.0,196.0,1.0,0.0
1,4,63,will,5,no,-1,other,no,1.0,3511.0,3711.0,3511.0,3711.0,5065.0,1.0,1.0
1,4,63,interview,6,no,-1,other,no,1.0,693.0,693.0,693.0,693.0,693.0,1.0,0.0
1,4,63,"tomorrow,",7,no,0,Adverb,no,1.0,408.0,408.0,408.0,408.0,408.0,1.0,0.0
1,4,63,but,8,no,1,AdverP1,no,1.0,0.0,0.0,0.0,0.0,0.0,0.0,0.0
1,4,63,there,9,no,1,AdverP1,no,1.0,308.0,308.0,308.0,308.0,308.0,1.0,0.0
1,4,63,was,10,no,1,AdverP1,no,1.0,0.0,0.0,0.0,0.0,0.0,0.0,0.0
1,4,63,no,11,no,2,AdverP2,no,1.0,0.0,0.0,0.0,0.0,0.0,0.0,0.0
1,4,63,answer.,12,no,2,AdverP2,no,1.0,202.0,202.0,202.0,202.0,202.0,1.0,0.0
1,4,62,James,0,yes,-1,other,yes,1.0,448.0,448.0,448.0,448.0,448.0,1.0,0.0
1,4,62,will,1,yes,-1,other,yes,1.0,0.0,0.0,0.0,0.0,0.0,0.0,0.0
1,4,62,fix,2,yes,-1,other,yes,1.0,0.0,0.0,0.0,0.0,0.0,0.0,0.0
1,4,62,the,3,yes,-1,other,yes,1.0,249.0,249.0,249.0,249.0,249.0,1.0,0.0
1,4,62,car,4,yes,-1,other,yes,1.0,0.0,0.0,0.0,0.0,0.0,0.0,0.0
1,4,62,he,5,yes,-1,other,yes,1.0,0.0,0.0,0.0,0.0,0.0,0.0,0.0
1,4,62,drove,6,yes,-1,other,yes,1.0,400.0,400.0,400.0,400.0,400.0,1.0,0.0
1,4,62,"yesterday,",7,yes,0,Adverb,yes,1.0,448.0,448.0,448.0,448.0,448.0,1.0,0.0
1,4,62,but,8,yes,1,AdverP1,yes,1.0,246.0,246.0,246.0,246.0,246.0,1.0,0.0
1,4,62,he,9,yes,1,AdverP1,yes,1.0,0.0,0.0,0.0,0.0,0.0,0.0,0.0
1,4,62,will,10,yes,1,AdverP1,yes,1.0,0.0,0.0,0.0,0.0,0.0,0.0,0.0
1,4,62,need,11,yes,1,AdverP1,yes,1.0,211.0,211.0,211.0,211.0,211.0,1.0,0.0
1,4,62,some,12,yes,2,AdverP2,yes,1.0,191.0,191.0,191.0,191.0,191.0,1.0,0.0
1,4,62,help.,13,yes,2,AdverP2,yes,1.0,213.0,213.0,213.0,213.0,213.0,1.0,0.0
1,4,61,Linda,0,no,-1,other,no,1.0,607.0,607.0,607.0,607.0,607.0,1.0,0.0
1,4,61,will,1,no,-1,other,no,1.0,0.0,0.0,0.0,0.0,0.0,0.0,0.0
1,4,61,wear,2,no,-1,other,no,1.0,300.0,300.0,300.0,300.0,300.0,1.0,0.0
1,4,61,the,3,no,-1,other,no,1.0,251.0,251.0,251.0,251.0,251.0,1.0,0.0
1,4,61,sweater,4,no,-1,other,no,1.0,499.0,499.0,499.0,499.0,499.0,1.0,0.0
1,4,61,she,5,no,-1,other,no,1.0,0.0,0.0,0.0,0.0,0.0,0.0,0.0
1,4,61,washed,6,no,-1,other,no,1.0,500.0,500.0,500.0,500.0,500.0,1.0,0.0
1,4,61,"yesterday,",7,no,0,Adverb,no,1.0,550.0,550.0,550.0,550.0,550.0,1.0,0.0
1,4,61,but,8,no,1,AdverP1,no,1.0,199.0,199.0,199.0,199.0,199.0,1.0,0.0
1,4,61,she,9,no,1,AdverP1,no,1.0,0.0,0.0,0.0,0.0,0.0,0.0,0.0
1,4,61,won't,10,no,1,AdverP1,no,1.0,300.0,300.0,300.0,300.0,300.0,1.0,0.0
1,4,61,wear,11,no,1,AdverP1,no,1.0,401.0,401.0,401.0,401.0,401.0,1.0,0.0
1,4,61,her,12,no,2,AdverP2,no,1.0,3050.0,3050.0,0.0,0.0,0.0,0.0,0.0
1,4,61,skirt.,13,no,2,AdverP2,no,1.0,243.0,243.0,243.0,243.0,3293.0,1.0,1.0
1,4,60,Amy,0,yes,-1,other,yes,1.0,736.0,736.0,736.0,736.0,736.0,1.0,0.0
1,4,60,will,1,yes,-1,other,yes,1.0,209.0,209.0,209.0,209.0,209.0,1.0,0.0
1,4,60,visit,2,yes,-1,other,yes,1.0,250.0,250.0,250.0,250.0,250.0,1.0,0.0
1,4,60,the,3,yes,-1,other,yes,1.0,248.0,248.0,248.0,248.0,248.0,1.0,0.0
1,4,60,man,4,yes,-1,other,yes,1.0,0.0,0.0,0.0,0.0,0.0,0.0,0.0
1,4,60,she,5,yes,-1,other,yes,1.0,252.0,252.0,252.0,252.0,252.0,1.0,0.0
1,4,60,worked,6,yes,-1,other,yes,1.0,400.0,400.0,400.0,400.0,400.0,1.0,0.0
1,4,60,with,7,yes,-1,other,yes,1.0,0.0,0.0,0.0,0.0,0.0,0.0,0.0
1,4,60,last,8,yes,0,Adverb,yes,1.0,543.0,543.0,543.0,543.0,543.0,1.0,0.0
1,4,60,"month,",9,yes,0,Adverb,yes,1.0,298.0,298.0,298.0,298.0,298.0,1.0,0.0
1,4,60,but,10,yes,1,AdverP1,yes,1.0,0.0,0.0,0.0,0.0,0.0,0.0,0.0
1,4,60,she,11,yes,1,AdverP1,yes,1.0,248.0,248.0,248.0,248.0,248.0,1.0,0.0
1,4,60,is,12,yes,1,AdverP1,yes,1.0,0.0,0.0,0.0,0.0,0.0,0.0,0.0
1,4,60,nervous,13,yes,1,AdverP1,yes,1.0,249.0,249.0,249.0,249.0,249.0,1.0,0.0
1,4,60,about,14,yes,2,AdverP2,yes,1.0,2753.0,2753.0,2753.0,2753.0,2753.0,1.0,0.0
1,4,60,it.,15,yes,2,AdverP2,yes,1.0,0.0,0.0,0.0,0.0,0.0,0.0,0.0
1,4,59,Paul,0,yes,-1,other,yes,1.0,537.0,537.0,537.0,537.0,537.0,1.0,0.0
1,4,59,will,1,yes,-1,other,yes,1.0,199.0,199.0,199.0,199.0,199.0,1.0,0.0
1,4,59,marry,2,yes,-1,other,yes,1.0,752.0,752.0,752.0,752.0,752.0,1.0,0.0
1,4,59,the,3,yes,-1,other,yes,1.0,248.0,248.0,248.0,248.0,248.0,1.0,0.0
1,4,59,woman,4,yes,-1,other,yes,1.0,548.0,548.0,548.0,548.0,548.0,1.0,0.0
1,4,59,he,5,yes,-1,other,yes,1.0,201.0,201.0,201.0,201.0,201.0,1.0,0.0
1,4,59,just,6,yes,-1,other,yes,1.0,399.0,745.0,399.0,399.0,399.0,1.0,0.0
1,4,59,met,7,yes,-1,other,yes,1.0,0.0,0.0,0.0,0.0,0.0,0.0,0.0
1,4,59,last,8,yes,0,Adverb,yes,1.0,299.0,299.0,299.0,299.0,299.0,1.0,0.0
1,4,59,"month,",9,yes,0,Adverb,yes,1.0,400.0,800.0,400.0,800.0,1146.0,1.0,1.0
1,4,59,but,10,yes,1,AdverP1,yes,1.0,0.0,0.0,0.0,0.0,0.0,0.0,0.0
1,4,59,the,11,yes,1,AdverP1,yes,1.0,0.0,0.0,0.0,0.0,0.0,0.0,0.0
1,4,59,wedding,12,yes,1,AdverP1,yes,1.0,400.0,400.0,400.0,400.0,400.0,1.0,0.0
1,4,59,will,13,yes,1,AdverP1,yes,1.0,0.0,0.0,0.0,0.0,0.0,0.0,0.0
1,4,59,be,14,yes,1,AdverP1,yes,1.0,207.0,207.0,207.0,207.0,207.0,1.0,0.0
1,4,59,small.,15,yes,2,AdverP2,yes,1.0,244.0,244.0,244.0,244.0,244.0,1.0,0.0
1,4,58,Dan,0,no,-1,other,no,1.0,802.0,1147.0,802.0,802.0,802.0,1.0,0.0
1,4,58,wrote,1,no,-1,other,no,1.0,299.0,546.0,299.0,299.0,299.0,1.0,0.0
1,4,58,the,2,no,-1,other,no,1.0,201.0,401.0,201.0,201.0,201.0,1.0,0.0
1,4,58,speech,3,no,-1,other,no,1.0,399.0,799.0,399.0,399.0,399.0,1.0,0.0
1,4,58,he,4,no,-1,other,no,1.0,247.0,547.0,247.0,247.0,247.0,1.0,0.0
1,4,58,will,5,no,-1,other,no,1.0,3200.0,3855.0,3200.0,3855.0,5347.0,1.0,1.0
1,4,58,deliver,6,no,-1,other,no,1.0,301.0,301.0,301.0,301.0,301.0,1.0,0.0
1,4,58,next,7,no,0,Adverb,no,1.0,201.0,201.0,201.0,201.0,201.0,1.0,0.0
1,4,58,"month,",8,no,0,Adverb,no,1.0,399.0,399.0,399.0,399.0,399.0,1.0,0.0
1,4,58,but,9,no,1,AdverP1,no,1.0,0.0,0.0,0.0,0.0,0.0,0.0,0.0
1,4,58,he,10,no,1,AdverP1,no,1.0,241.0,241.0,241.0,241.0,241.0,1.0,0.0
1,4,58,hasn't,11,no,1,AdverP1,no,1.0,299.0,299.0,299.0,299.0,299.0,1.0,0.0
1,4,58,practiced,12,no,1,AdverP1,no,1.0,301.0,301.0,301.0,301.0,301.0,1.0,0.0
1,4,58,it,13,no,2,AdverP2,no,1.0,198.0,198.0,198.0,198.0,198.0,1.0,0.0
1,4,58,yet.,14,no,2,AdverP2,no,1.0,2672.0,2672.0,2672.0,2672.0,2672.0,1.0,0.0
1,4,57,Jeff,0,no,-1,other,no,1.0,450.0,995.0,450.0,450.0,450.0,1.0,0.0
1,4,57,planned,1,no,-1,other,no,1.0,458.0,458.0,458.0,458.0,1003.0,1.0,1.0
1,4,57,the,2,no,-1,other,no,1.0,293.0,293.0,293.0,293.0,293.0,1.0,0.0
1,4,57,party,3,no,-1,other,no,1.0,250.0,250.0,250.0,250.0,250.0,1.0,0.0
1,4,57,he,4,no,-1,other,no,1.0,199.0,199.0,199.0,199.0,199.0,1.0,0.0
1,4,57,will,5,no,-1,other,no,1.0,0.0,0.0,0.0,0.0,0.0,0.0,0.0
1,4,57,hold,6,no,-1,other,no,1.0,455.0,455.0,455.0,455.0,455.0,1.0,0.0
1,4,57,next,7,no,0,Adverb,no,1.0,0.0,0.0,0.0,0.0,0.0,0.0,0.0
1,4,57,"month,",8,no,0,Adverb,no,1.0,351.0,351.0,351.0,351.0,351.0,1.0,0.0
1,4,57,but,9,no,1,AdverP1,no,1.0,358.0,358.0,358.0,358.0,358.0,1.0,0.0
1,4,57,he,10,no,1,AdverP1,no,1.0,0.0,0.0,0.0,0.0,0.0,0.0,0.0
1,4,57,hasn't,11,no,1,AdverP1,no,1.0,299.0,299.0,299.0,299.0,299.0,1.0,0.0
1,4,57,sent,12,no,1,AdverP1,no,1.0,0.0,0.0,0.0,0.0,0.0,0.0,0.0
1,4,57,invitations.,13,no,2,AdverP2,no,1.0,3748.0,3748.0,3748.0,3748.0,3748.0,1.0,0.0
1,3,56,Lisa,0,yes,-1,other,yes,1.0,446.0,446.0,446.0,446.0,446.0,1.0,0.0
1,3,56,will,1,yes,-1,other,yes,1.0,0.0,0.0,0.0,0.0,0.0,0.0,0.0
1,3,56,change,2,yes,-1,other,yes,1.0,553.0,553.0,553.0,553.0,553.0,1.0,0.0
1,3,56,the,3,yes,-1,other,yes,1.0,193.0,193.0,193.0,193.0,193.0,1.0,0.0
1,3,56,plans,4,yes,-1,other,yes,1.0,255.0,255.0,255.0,255.0,255.0,1.0,0.0
1,3,56,she,5,yes,-1,other,yes,1.0,453.0,453.0,453.0,453.0,453.0,1.0,0.0
1,3,56,made,6,yes,-1,other,yes,1.0,547.0,547.0,547.0,547.0,547.0,1.0,0.0
1,3,56,next,7,yes,0,Adverb,yes,1.0,200.0,200.0,200.0,200.0,200.0,1.0,0.0
1,3,56,"week,",8,yes,0,Adverb,yes,1.0,247.0,247.0,247.0,247.0,247.0,1.0,0.0
1,3,56,but,9,yes,1,AdverP1,yes,1.0,256.0,256.0,256.0,256.0,256.0,1.0,0.0
1,3,56,she,10,yes,1,AdverP1,yes,1.0,0.0,0.0,0.0,0.0,0.0,0.0,0.0
1,3,56,won't,11,yes,1,AdverP1,yes,1.0,401.0,401.0,401.0,401.0,401.0,1.0,0.0
1,3,56,cancel,12,yes,1,AdverP1,yes,1.0,0.0,0.0,0.0,0.0,0.0,0.0,0.0
1,3,56,any,13,yes,2,AdverP2,yes,1.0,200.0,200.0,200.0,200.0,200.0,1.0,0.0
1,3,56,of,14,yes,2,AdverP2,yes,1.0,0.0,0.0,0.0,0.0,0.0,0.0,0.0
1,3,56,them.,15,yes,2,AdverP2,yes,1.0,3934.0,3934.0,3934.0,3934.0,3934.0,1.0,0.0
1,3,55,Tom,0,no,-1,other,no,1.0,963.0,963.0,963.0,963.0,963.0,1.0,0.0
1,3,55,will,1,no,-1,other,no,1.0,0.0,0.0,0.0,0.0,0.0,0.0,0.0
1,3,55,plant,2,no,-1,other,no,1.0,200.0,200.0,200.0,200.0,200.0,1.0,0.0
1,3,55,the,3,no,-1,other,no,1.0,341.0,341.0,341.0,341.0,341.0,1.0,0.0
1,3,55,tree,4,no,-1,other,no,1.0,0.0,0.0,0.0,0.0,0.0,0.0,0.0
1,3,55,he,5,no,-1,other,no,1.0,252.0,252.0,252.0,252.0,252.0,1.0,0.0
1,3,55,bought,6,no,-1,other,no,1.0,297.0,297.0,297.0,297.0,297.0,1.0,0.0
1,3,55,next,7,no,0,Adverb,no,1.0,0.0,0.0,0.0,0.0,0.0,0.0,0.0
1,3,55,"week,",8,no,0,Adverb,no,1.0,449.0,449.0,449.0,449.0,449.0,1.0,0.0
1,3,55,but,9,no,1,AdverP1,no,1.0,0.0,0.0,0.0,0.0,0.0,0.0,0.0
1,3,55,he,10,no,1,AdverP1,no,1.0,249.0,249.0,249.0,249.0,249.0,1.0,0.0
1,3,55,isn't,11,no,1,AdverP1,no,1.0,200.0,200.0,200.0,200.0,200.0,1.0,0.0
1,3,55,sure,12,no,1,AdverP1,no,1.0,209.0,209.0,209.0,209.0,209.0,1.0,0.0
1,3,55,where,13,no,2,AdverP2,no,1.0,246.0,246.0,246.0,246.0,246.0,1.0,0.0
1,3,55,to,14,no,2,AdverP2,no,1.0,0.0,0.0,0.0,0.0,0.0,0.0,0.0
1,3,55,put,15,no,2,AdverP2,no,1.0,295.0,295.0,295.0,295.0,295.0,1.0,0.0
1,3,55,it.,16,no,2,AdverP2,no,1.0,0.0,0.0,0.0,0.0,0.0,0.0,0.0
1,3,54,Joseph,0,yes,-1,other,yes,1.0,647.0,647.0,647.0,647.0,647.0,1.0,0.0
1,3,54,brewed,1,yes,-1,other,yes,1.0,394.0,394.0,394.0,394.0,394.0,1.0,0.0
1,3,54,the,2,yes,-1,other,yes,1.0,200.0,412.0,200.0,200.0,200.0,1.0,0.0
1,3,54,beer,3,yes,-1,other,yes,1.0,349.0,700.0,349.0,349.0,349.0,1.0,0.0
1,3,54,he,4,yes,-1,other,yes,1.0,0.0,0.0,0.0,0.0,0.0,0.0,0.0
1,3,54,will,5,yes,-1,other,yes,1.0,356.0,959.0,356.0,356.0,356.0,1.0,0.0
1,3,54,serve,6,yes,-1,other,yes,1.0,291.0,1696.0,291.0,291.0,291.0,1.0,0.0
1,3,54,last,7,yes,0,Adverb,yes,1.0,260.0,707.0,260.0,260.0,260.0,1.0,0.0
1,3,54,"week,",8,yes,0,Adverb,yes,1.0,0.0,0.0,0.0,0.0,0.0,0.0,0.0
1,3,54,but,9,yes,1,AdverP1,yes,1.0,0.0,0.0,0.0,0.0,0.0,0.0,0.0
1,3,54,it,10,yes,1,AdverP1,yes,1.0,0.0,0.0,0.0,0.0,0.0,0.0,0.0
1,3,54,is,11,yes,1,AdverP1,yes,1.0,309.0,560.0,309.0,309.0,309.0,1.0,0.0
1,3,54,not,12,yes,2,AdverP2,yes,1.0,0.0,0.0,0.0,0.0,0.0,0.0,0.0
1,3,54,very,13,yes,2,AdverP2,yes,1.0,0.0,0.0,0.0,0.0,0.0,0.0,0.0
1,3,54,tasty.,14,yes,2,AdverP2,yes,1.0,644.0,644.0,644.0,644.0,3913.0,1.0,1.0
1,3,53,Jane,0,no,-1,other,no,1.0,650.0,650.0,650.0,650.0,650.0,1.0,0.0
1,3,53,prepared,1,no,-1,other,no,1.0,445.0,445.0,445.0,445.0,445.0,1.0,0.0
1,3,53,the,2,no,-1,other,no,1.0,0.0,0.0,0.0,0.0,0.0,0.0,0.0
1,3,53,lecture,3,no,-1,other,no,1.0,451.0,451.0,451.0,451.0,451.0,1.0,0.0
1,3,53,she,4,no,-1,other,no,1.0,202.0,202.0,202.0,202.0,202.0,1.0,0.0
1,3,53,will,5,no,-1,other,no,1.0,0.0,0.0,0.0,0.0,0.0,0.0,0.0
1,3,53,give,6,no,-1,other,no,1.0,251.0,251.0,251.0,251.0,251.0,1.0,0.0
1,3,53,last,7,no,0,Adverb,no,1.0,0.0,0.0,0.0,0.0,0.0,0.0,0.0
1,3,53,"week,",8,no,0,Adverb,no,1.0,453.0,453.0,453.0,453.0,453.0,1.0,0.0
1,3,53,but,9,no,1,AdverP1,no,1.0,0.0,0.0,0.0,0.0,0.0,0.0,0.0
1,3,53,still,10,no,1,AdverP1,no,1.0,0.0,0.0,0.0,0.0,0.0,0.0,0.0
1,3,53,needs,11,no,1,AdverP1,no,1.0,0.0,0.0,0.0,0.0,0.0,0.0,0.0
1,3,53,to,12,no,2,AdverP2,no,1.0,0.0,0.0,0.0,0.0,0.0,0.0,0.0
1,3,53,review,13,no,2,AdverP2,no,1.0,0.0,0.0,0.0,0.0,0.0,0.0,0.0
1,3,53,it.,14,no,2,AdverP2,no,1.0,0.0,0.0,0.0,0.0,0.0,0.0,0.0
1,3,52,Sue,0,yes,-1,other,yes,1.0,1099.0,1099.0,1099.0,1099.0,1099.0,1.0,0.0
1,3,52,insulted,1,yes,-1,other,yes,1.0,896.0,896.0,896.0,896.0,896.0,1.0,0.0
1,3,52,the,2,yes,-1,other,yes,1.0,0.0,0.0,0.0,0.0,0.0,0.0,0.0
1,3,52,candidate,3,yes,-1,other,yes,1.0,1457.0,1457.0,1457.0,1457.0,1457.0,1.0,0.0
1,3,52,she,4,yes,-1,other,yes,1.0,449.0,449.0,449.0,449.0,449.0,1.0,0.0
1,3,52,will,5,yes,-1,other,yes,1.0,0.0,0.0,0.0,0.0,0.0,0.0,0.0
1,3,52,debate,6,yes,-1,other,yes,1.0,293.0,293.0,293.0,293.0,293.0,1.0,0.0
1,3,52,"yesterday,",7,yes,0,Adverb,yes,1.0,458.0,458.0,458.0,458.0,458.0,1.0,0.0
1,3,52,but,8,yes,1,AdverP1,yes,1.0,193.0,193.0,193.0,193.0,193.0,1.0,0.0
1,3,52,she,9,yes,1,AdverP1,yes,1.0,0.0,0.0,0.0,0.0,0.0,0.0,0.0
1,3,52,wishes,10,yes,1,AdverP1,yes,1.0,252.0,252.0,252.0,252.0,252.0,1.0,0.0
1,3,52,she,11,yes,2,AdverP2,yes,1.0,0.0,0.0,0.0,0.0,0.0,0.0,0.0
1,3,52,hadn't.,12,yes,2,AdverP2,yes,1.0,0.0,0.0,0.0,0.0,0.0,0.0,0.0
1,3,51,David,0,yes,-1,other,yes,1.0,848.0,848.0,848.0,848.0,848.0,1.0,0.0
1,3,51,caught,1,yes,-1,other,yes,1.0,397.0,397.0,397.0,397.0,397.0,1.0,0.0
1,3,51,the,2,yes,-1,other,yes,1.0,203.0,203.0,203.0,203.0,203.0,1.0,0.0
1,3,51,fish,3,yes,-1,other,yes,1.0,252.0,252.0,252.0,252.0,252.0,1.0,0.0
1,3,51,he,4,yes,-1,other,yes,1.0,0.0,0.0,0.0,0.0,0.0,0.0,0.0
1,3,51,will,5,yes,-1,other,yes,1.0,202.0,202.0,202.0,202.0,202.0,1.0,0.0
1,3,51,cook,6,yes,-1,other,yes,1.0,699.0,699.0,699.0,699.0,699.0,1.0,0.0
1,3,51,"yesterday,",7,yes,0,Adverb,yes,1.0,550.0,550.0,550.0,550.0,550.0,1.0,0.0
1,3,51,but,8,yes,1,AdverP1,yes,1.0,204.0,204.0,204.0,204.0,204.0,1.0,0.0
1,3,51,it,9,yes,1,AdverP1,yes,1.0,0.0,0.0,0.0,0.0,0.0,0.0,0.0
1,3,51,is,10,yes,1,AdverP1,yes,1.0,201.0,201.0,201.0,201.0,201.0,1.0,0.0
1,3,51,not,11,yes,2,AdverP2,yes,1.0,245.0,245.0,245.0,245.0,245.0,1.0,0.0
1,3,51,his,12,yes,2,AdverP2,yes,1.0,209.0,209.0,209.0,209.0,209.0,1.0,0.0
1,3,51,favorite,13,yes,2,AdverP2,yes,1.0,292.0,292.0,292.0,292.0,292.0,1.0,0.0
1,3,51,kind.,14,yes,2,AdverP2,yes,1.0,0.0,0.0,0.0,0.0,0.0,0.0,0.0
1,3,50,Robert,0,no,-1,other,no,1.0,542.0,542.0,542.0,542.0,542.0,1.0,0.0
1,3,50,will,1,no,-1,other,no,1.0,299.0,299.0,299.0,299.0,299.0,1.0,0.0
1,3,50,meet,2,no,-1,other,no,1.0,0.0,0.0,0.0,0.0,0.0,0.0,0.0
1,3,50,the,3,no,-1,other,no,1.0,257.0,257.0,257.0,257.0,257.0,1.0,0.0
1,3,50,friend,4,no,-1,other,no,1.0,638.0,638.0,638.0,638.0,638.0,1.0,0.0
1,3,50,he,5,no,-1,other,no,1.0,0.0,0.0,0.0,0.0,0.0,0.0,0.0
1,3,50,phoned,6,no,-1,other,no,1.0,604.0,604.0,604.0,604.0,604.0,1.0,0.0
1,3,50,"tomorrow,",7,no,0,Adverb,no,1.0,795.0,795.0,795.0,795.0,795.0,1.0,0.0
1,3,50,but,8,no,1,AdverP1,no,1.0,252.0,252.0,252.0,252.0,252.0,1.0,0.0
1,3,50,he,9,no,1,AdverP1,no,1.0,0.0,0.0,0.0,0.0,0.0,0.0,0.0
1,3,50,doesn't,10,no,1,AdverP1,no,1.0,208.0,208.0,208.0,208.0,208.0,1.0,0.0
1,3,50,want,11,no,1,AdverP1,no,1.0,3959.0,3959.0,0.0,0.0,0.0,0.0,0.0
1,3,50,to.,12,no,2,AdverP2,no,1.0,248.0,248.0,248.0,248.0,4207.0,1.0,1.0
1,3,49,Anne,0,no,-1,other,no,1.0,847.0,847.0,847.0,847.0,847.0,1.0,0.0
1,3,49,will,1,no,-1,other,no,1.0,0.0,0.0,0.0,0.0,0.0,0.0,0.0
1,3,49,serve,2,no,-1,other,no,1.0,392.0,392.0,392.0,392.0,392.0,1.0,0.0
1,3,49,the,3,no,-1,other,no,1.0,300.0,300.0,300.0,300.0,300.0,1.0,0.0
1,3,49,apples,4,no,-1,other,no,1.0,500.0,500.0,500.0,500.0,500.0,1.0,0.0
1,3,49,she,5,no,-1,other,no,1.0,0.0,0.0,0.0,0.0,0.0,0.0,0.0
1,3,49,picked,6,no,-1,other,no,1.0,298.0,298.0,298.0,298.0,298.0,1.0,0.0
1,3,49,"tomorrow,",7,no,0,Adverb,no,1.0,502.0,747.0,502.0,502.0,502.0,1.0,0.0
1,3,49,but,8,no,1,AdverP1,no,1.0,256.0,705.0,256.0,705.0,950.0,1.0,1.0
1,3,49,she,9,no,1,AdverP1,no,1.0,249.0,249.0,0.0,0.0,0.0,0.0,0.0
1,3,49,won't,10,no,1,AdverP1,no,1.0,0.0,0.0,0.0,0.0,0.0,0.0,0.0
1,3,49,serve,11,no,1,AdverP1,no,1.0,198.0,451.0,198.0,198.0,198.0,1.0,0.0
1,3,49,the,12,no,2,AdverP2,no,1.0,2907.0,2907.0,0.0,0.0,0.0,0.0,0.0
1,3,49,plums.,13,no,2,AdverP2,no,1.0,301.0,301.0,301.0,301.0,3710.0,1.0,1.0
1,2,40,The,0,yes,-1,other,yes,1.0,450.0,450.0,0.0,0.0,0.0,0.0,0.0
1,2,40,customer,1,yes,-1,other,yes,1.0,242.0,442.0,242.0,442.0,892.0,1.0,1.0
1,2,40,complained,2,yes,-1,other,yes,1.0,648.0,648.0,648.0,648.0,648.0,1.0,0.0
1,2,40,about,3,yes,-1,other,yes,1.0,352.0,352.0,352.0,352.0,352.0,1.0,0.0
1,2,40,the,4,yes,-1,other,yes,1.0,197.0,197.0,197.0,197.0,197.0,1.0,0.0
1,2,40,"waiter,",5,yes,-1,other,yes,1.0,353.0,353.0,353.0,353.0,353.0,1.0,0.0
1,2,40,and,6,yes,-1,other,yes,1.0,348.0,348.0,348.0,348.0,348.0,1.0,0.0
1,2,40,the,7,yes,-1,other,yes,1.0,200.0,200.0,200.0,200.0,200.0,1.0,0.0
1,2,40,chef,8,yes,-1,other,yes,1.0,200.0,200.0,200.0,200.0,200.0,1.0,0.0
1,2,40,gave,9,yes,0,Verb,yes,1.0,300.0,300.0,300.0,300.0,300.0,1.0,0.0
1,2,40,him,10,yes,1,VerbP1,yes,1.0,0.0,0.0,0.0,0.0,0.0,0.0,0.0
1,2,40,a,11,yes,2,VerbP2,yes,1.0,0.0,0.0,0.0,0.0,0.0,0.0,0.0
1,2,40,free,12,yes,2,VerbP2,yes,1.0,0.0,0.0,0.0,0.0,0.0,0.0,0.0
1,2,40,dessert.,13,yes,2,VerbP2,yes,1.0,3412.0,3412.0,3412.0,3412.0,3412.0,1.0,0.0
1,2,39,The,0,no,-1,other,no,1.0,450.0,450.0,450.0,450.0,450.0,1.0,0.0
1,2,39,woman,1,no,-1,other,no,1.0,164.0,164.0,164.0,164.0,164.0,1.0,0.0
1,2,39,could,2,no,-1,other,no,1.0,286.0,286.0,286.0,286.0,286.0,1.0,0.0
1,2,39,not,3,no,-1,other,no,1.0,200.0,200.0,200.0,200.0,200.0,1.0,0.0
1,2,39,find,4,no,-1,other,no,1.0,206.0,206.0,206.0,206.0,206.0,1.0,0.0
1,2,39,"Bill,",5,no,-1,other,no,1.0,344.0,344.0,344.0,344.0,344.0,1.0,0.0
1,2,39,and,6,no,-1,other,no,1.0,201.0,201.0,201.0,201.0,201.0,1.0,0.0
1,2,39,his,7,no,-1,other,no,1.0,250.0,250.0,250.0,250.0,250.0,1.0,0.0
1,2,39,girlfriend,8,no,-1,other,no,1.0,450.0,450.0,450.0,450.0,450.0,1.0,0.0
1,2,39,became,9,no,0,Verb,no,1.0,199.0,199.0,199.0,199.0,199.0,1.0,0.0
1,2,39,nervous,10,no,1,VerbP1,no,1.0,0.0,0.0,0.0,0.0,0.0,0.0,0.0
1,2,39,and,11,no,2,VerbP2,no,1.0,201.0,201.0,201.0,201.0,201.0,1.0,0.0
1,2,39,upset.,12,no,2,VerbP2,no,1.0,0.0,0.0,0.0,0.0,0.0,0.0,0.0
1,2,38,Bobby,0,yes,-1,other,yes,1.0,884.0,884.0,884.0,884.0,884.0,1.0,0.0
1,2,38,yelled,1,yes,-1,other,yes,1.0,0.0,0.0,0.0,0.0,0.0,0.0,0.0
1,2,38,at,2,yes,-1,other,yes,1.0,0.0,0.0,0.0,0.0,0.0,0.0,0.0
1,2,38,the,3,yes,-1,other,yes,1.0,398.0,398.0,398.0,398.0,398.0,1.0,0.0
1,2,38,"teacher,",4,yes,-1,other,yes,1.0,453.0,453.0,453.0,453.0,453.0,1.0,0.0
1,2,38,and,5,yes,-1,other,yes,1.0,0.0,0.0,0.0,0.0,0.0,0.0,0.0
1,2,38,the,6,yes,-1,other,yes,1.0,199.0,199.0,199.0,199.0,199.0,1.0,0.0
1,2,38,principal,7,yes,-1,other,yes,1.0,404.0,404.0,404.0,404.0,404.0,1.0,0.0
1,2,38,asked,8,yes,0,Verb,yes,1.0,250.0,250.0,250.0,250.0,250.0,1.0,0.0
1,2,38,his,9,yes,1,VerbP1,yes,1.0,196.0,196.0,196.0,196.0,196.0,1.0,0.0
1,2,38,parents,10,yes,1,VerbP1,yes,1.0,204.0,204.0,204.0,204.0,204.0,1.0,0.0
1,2,38,for,11,yes,2,VerbP2,yes,1.0,0.0,0.0,0.0,0.0,0.0,0.0,0.0
1,2,38,a,12,yes,2,VerbP2,yes,1.0,0.0,0.0,0.0,0.0,0.0,0.0,0.0
1,2,38,meeting.,13,yes,2,VerbP2,yes,1.0,401.0,401.0,401.0,401.0,401.0,1.0,0.0
1,2,37,The,0,yes,-1,other,yes,1.0,399.0,399.0,399.0,399.0,399.0,1.0,0.0
1,2,37,teacher,1,yes,-1,other,yes,1.0,450.0,450.0,450.0,450.0,450.0,1.0,0.0
1,2,37,praised,2,yes,-1,other,yes,1.0,351.0,351.0,351.0,351.0,351.0,1.0,0.0
1,2,37,the,3,yes,-1,other,yes,1.0,302.0,302.0,302.0,302.0,302.0,1.0,0.0
1,2,37,"girl,",4,yes,-1,other,yes,1.0,197.0,197.0,197.0,197.0,197.0,1.0,0.0
1,2,37,and,5,yes,-1,other,yes,1.0,352.0,352.0,352.0,352.0,352.0,1.0,0.0
1,2,37,her,6,yes,-1,other,yes,1.0,301.0,301.0,301.0,301.0,301.0,1.0,0.0
1,2,37,family,7,yes,-1,other,yes,1.0,0.0,0.0,0.0,0.0,0.0,0.0,0.0
1,2,37,was,8,yes,0,Verb,yes,1.0,0.0,0.0,0.0,0.0,0.0,0.0,0.0
1,2,37,proud,9,yes,1,VerbP1,yes,1.0,454.0,454.0,454.0,454.0,454.0,1.0,0.0
1,2,37,of,10,yes,1,VerbP1,yes,1.0,197.0,197.0,197.0,197.0,197.0,1.0,0.0
1,2,37,her,11,yes,2,VerbP2,yes,1.0,0.0,0.0,0.0,0.0,0.0,0.0,0.0
1,2,37,good,12,yes,2,VerbP2,yes,1.0,3304.0,3304.0,0.0,0.0,0.0,0.0,0.0
1,2,37,grades.,13,yes,2,VerbP2,yes,1.0,552.0,552.0,552.0,552.0,3856.0,1.0,1.0
1,2,36,The,0,yes,-1,other,yes,1.0,347.0,347.0,347.0,347.0,347.0,1.0,0.0
1,2,36,crowd,1,yes,-1,other,yes,1.0,253.0,253.0,253.0,253.0,253.0,1.0,0.0
1,2,36,cheered,2,yes,-1,other,yes,1.0,497.0,497.0,497.0,497.0,497.0,1.0,0.0
1,2,36,for,3,yes,-1,other,yes,1.0,0.0,0.0,0.0,0.0,0.0,0.0,0.0
1,2,36,the,4,yes,-1,other,yes,1.0,198.0,198.0,198.0,198.0,198.0,1.0,0.0
1,2,36,"model,",5,yes,-1,other,yes,1.0,500.0,500.0,500.0,500.0,500.0,1.0,0.0
1,2,36,and,6,yes,-1,other,yes,1.0,204.0,204.0,204.0,204.0,204.0,1.0,0.0
1,2,36,the,7,yes,-1,other,yes,1.0,0.0,0.0,0.0,0.0,0.0,0.0,0.0
1,2,36,designer,8,yes,-1,other,yes,1.0,551.0,551.0,551.0,551.0,551.0,1.0,0.0
1,2,36,took,9,yes,0,Verb,yes,1.0,202.0,202.0,202.0,202.0,202.0,1.0,0.0
1,2,36,a,10,yes,1,VerbP1,yes,1.0,200.0,200.0,200.0,200.0,200.0,1.0,0.0
1,2,36,bow,11,yes,1,VerbP1,yes,1.0,245.0,245.0,245.0,245.0,245.0,1.0,0.0
1,2,36,after,12,yes,2,VerbP2,yes,1.0,262.0,262.0,262.0,262.0,262.0,1.0,0.0
1,2,36,the,13,yes,2,VerbP2,yes,1.0,249.0,249.0,249.0,249.0,249.0,1.0,0.0
1,2,36,show.,14,yes,2,VerbP2,yes,1.0,0.0,0.0,0.0,0.0,0.0,0.0,0.0
1,2,35,The,0,no,-1,other,no,1.0,215.0,215.0,215.0,215.0,215.0,1.0,0.0
1,2,35,juggler,1,no,-1,other,no,1.0,443.0,443.0,443.0,443.0,443.0,1.0,0.0
1,2,35,entertained,2,no,-1,other,no,1.0,795.0,795.0,795.0,795.0,795.0,1.0,0.0
1,2,35,the,3,no,-1,other,no,1.0,0.0,0.0,0.0,0.0,0.0,0.0,0.0
1,2,35,"children,",4,no,-1,other,no,1.0,402.0,402.0,402.0,402.0,402.0,1.0,0.0
1,2,35,and,5,no,-1,other,no,1.0,295.0,295.0,295.0,295.0,295.0,1.0,0.0
1,2,35,their,6,no,-1,other,no,1.0,347.0,347.0,347.0,347.0,347.0,1.0,0.0
1,2,35,parents,7,no,-1,other,no,1.0,353.0,353.0,353.0,353.0,353.0,1.0,0.0
1,2,35,drank,8,no,0,Verb,no,1.0,406.0,406.0,406.0,406.0,406.0,1.0,0.0
1,2,35,wine,9,no,1,VerbP1,no,1.0,0.0,0.0,0.0,0.0,0.0,0.0,0.0
1,2,35,at,10,no,2,VerbP2,no,1.0,0.0,0.0,0.0,0.0,0.0,0.0,0.0
1,2,35,the,11,no,2,VerbP2,no,1.0,200.0,200.0,200.0,200.0,200.0,1.0,0.0
1,2,35,party.,12,no,2,VerbP2,no,1.0,0.0,0.0,0.0,0.0,0.0,0.0,0.0
1,2,34,The,0,no,-1,other,no,1.0,443.0,443.0,0.0,0.0,0.0,0.0,0.0
1,2,34,woman,1,no,-1,other,no,1.0,407.0,1073.0,407.0,772.0,1215.0,1.0,1.0
1,2,34,dressed,2,no,-1,other,no,1.0,235.0,834.0,235.0,235.0,235.0,1.0,0.0
1,2,34,her,3,no,-1,other,no,1.0,306.0,558.0,306.0,306.0,306.0,1.0,0.0
1,2,34,"baby,",4,no,-1,other,no,1.0,394.0,691.0,394.0,394.0,394.0,1.0,0.0
1,2,34,and,5,no,-1,other,no,1.0,300.0,1104.0,300.0,300.0,300.0,1.0,0.0
1,2,34,her,6,no,-1,other,no,1.0,352.0,352.0,352.0,352.0,352.0,1.0,0.0
1,2,34,son,7,no,-1,other,no,1.0,601.0,601.0,601.0,601.0,601.0,1.0,0.0
1,2,34,got,8,no,0,Verb,no,1.0,348.0,550.0,348.0,348.0,348.0,1.0,0.0
1,2,34,his,9,no,1,VerbP1,no,1.0,302.0,302.0,0.0,0.0,0.0,0.0,0.0
1,2,34,clothes,10,no,1,VerbP1,no,1.0,496.0,747.0,496.0,496.0,496.0,1.0,0.0
1,2,34,from,11,no,2,VerbP2,no,1.0,0.0,0.0,0.0,0.0,0.0,0.0,0.0
1,2,34,the,12,no,2,VerbP2,no,1.0,251.0,251.0,251.0,251.0,251.0,1.0,0.0
1,2,34,dresser.,13,no,2,VerbP2,no,1.0,202.0,202.0,202.0,202.0,3210.0,1.0,1.0
1,2,33,Diane,0,yes,-1,other,yes,1.0,899.0,1639.0,899.0,899.0,899.0,1.0,0.0
1,2,33,hugged,1,yes,-1,other,yes,1.0,1006.0,1251.0,1006.0,1006.0,1006.0,1.0,0.0
1,2,33,her,2,yes,-1,other,yes,1.0,195.0,395.0,195.0,195.0,195.0,1.0,0.0
1,2,33,"boyfriend,",3,yes,-1,other,yes,1.0,650.0,1101.0,650.0,650.0,650.0,1.0,0.0
1,2,33,and,4,yes,-1,other,yes,1.0,251.0,251.0,251.0,251.0,251.0,1.0,0.0
1,2,33,her,5,yes,-1,other,yes,1.0,308.0,308.0,308.0,308.0,308.0,1.0,0.0
1,2,33,friend,6,yes,-1,other,yes,1.0,290.0,590.0,290.0,290.0,290.0,1.0,0.0
1,2,33,felt,7,yes,0,Verb,yes,1.0,202.0,202.0,202.0,202.0,202.0,1.0,0.0
1,2,33,uncomfortable,8,yes,1,VerbP1,yes,1.0,600.0,1063.0,600.0,600.0,600.0,1.0,0.0
1,2,33,watching,9,yes,2,VerbP2,yes,1.0,451.0,451.0,451.0,451.0,2850.0,1.0,1.0
1,2,33,them.,10,yes,2,VerbP2,yes,1.0,0.0,0.0,0.0,0.0,0.0,0.0,0.0
1,1,32,The,0,yes,-1,other,yes,1.0,294.0,294.0,294.0,294.0,294.0,1.0,0.0
1,1,32,producer,1,yes,-1,other,yes,1.0,711.0,1261.0,711.0,711.0,711.0,1.0,0.0
1,1,32,replaced,2,yes,-1,other,yes,1.0,540.0,844.0,540.0,540.0,540.0,1.0,0.0
1,1,32,the,3,yes,-1,other,yes,1.0,0.0,0.0,0.0,0.0,0.0,0.0,0.0
1,1,32,actor,4,yes,-1,other,yes,1.0,299.0,299.0,299.0,299.0,299.0,1.0,0.0
1,1,32,and,5,yes,-1,other,yes,1.0,299.0,753.0,299.0,299.0,299.0,1.0,0.0
1,1,32,the,6,yes,-1,other,yes,1.0,0.0,0.0,0.0,0.0,0.0,0.0,0.0
1,1,32,actress,7,yes,-1,other,yes,1.0,504.0,504.0,504.0,504.0,504.0,1.0,0.0
1,1,32,quit,8,yes,0,Verb,yes,1.0,547.0,849.0,547.0,547.0,547.0,1.0,0.0
1,1,32,the,9,yes,1,VerbP1,yes,1.0,198.0,497.0,198.0,198.0,198.0,1.0,0.0
1,1,32,movie,10,yes,1,VerbP1,yes,1.0,301.0,301.0,301.0,301.0,301.0,1.0,0.0
1,1,32,after,11,yes,2,VerbP2,yes,1.0,248.0,650.0,248.0,248.0,248.0,1.0,0.0
1,1,32,the,12,yes,2,VerbP2,yes,1.0,203.0,407.0,203.0,203.0,2112.0,1.0,1.0
1,1,32,fight.,13,yes,2,VerbP2,yes,1.0,205.0,205.0,205.0,205.0,811.0,1.0,1.0
1,1,31,The,0,yes,-1,other,yes,1.0,0.0,0.0,0.0,0.0,0.0,0.0,0.0
1,1,31,audience,1,yes,-1,other,yes,1.0,595.0,595.0,595.0,595.0,595.0,1.0,0.0
1,1,31,applauded,2,yes,-1,other,yes,1.0,649.0,649.0,649.0,649.0,649.0,1.0,0.0
1,1,31,the,3,yes,-1,other,yes,1.0,250.0,250.0,250.0,250.0,250.0,1.0,0.0
1,1,31,guitarist,4,yes,-1,other,yes,1.0,398.0,398.0,398.0,398.0,398.0,1.0,0.0
1,1,31,and,5,yes,-1,other,yes,1.0,300.0,300.0,300.0,300.0,300.0,1.0,0.0
1,1,31,the,6,yes,-1,other,yes,1.0,215.0,215.0,215.0,215.0,215.0,1.0,0.0
1,1,31,band,7,yes,-1,other,yes,1.0,194.0,194.0,194.0,194.0,194.0,1.0,0.0
1,1,31,cheered,8,yes,0,Verb,yes,1.0,406.0,406.0,406.0,406.0,406.0,1.0,0.0
1,1,31,for,9,yes,1,VerbP1,yes,1.0,195.0,195.0,195.0,195.0,195.0,1.0,0.0
1,1,31,him,10,yes,1,VerbP1,yes,1.0,0.0,0.0,0.0,0.0,0.0,0.0,0.0
1,1,31,very,11,yes,2,VerbP2,yes,1.0,201.0,201.0,201.0,201.0,201.0,1.0,0.0
1,1,31,loudly.,12,yes,2,VerbP2,yes,1.0,3160.0,3160.0,3160.0,3160.0,3160.0,1.0,0.0
1,1,30,Jim,0,no,-1,other,no,1.0,304.0,304.0,0.0,0.0,0.0,0.0,0.0
1,1,30,listened,1,no,-1,other,no,1.0,239.0,239.0,239.0,239.0,543.0,1.0,1.0
1,1,30,to,2,no,-1,other,no,1.0,357.0,357.0,357.0,357.0,357.0,1.0,0.0
1,1,30,the,3,no,-1,other,no,1.0,0.0,0.0,0.0,0.0,0.0,0.0,0.0
1,1,30,pianist,4,no,-1,other,no,1.0,200.0,200.0,200.0,200.0,200.0,1.0,0.0
1,1,30,and,5,no,-1,other,no,1.0,198.0,198.0,198.0,198.0,198.0,1.0,0.0
1,1,30,the,6,no,-1,other,no,1.0,249.0,249.0,249.0,249.0,249.0,1.0,0.0
1,1,30,singer,7,no,-1,other,no,1.0,0.0,0.0,0.0,0.0,0.0,0.0,0.0
1,1,30,watched,8,no,0,Verb,no,1.0,604.0,604.0,604.0,604.0,604.0,1.0,0.0
1,1,30,the,9,no,1,VerbP1,no,1.0,0.0,0.0,0.0,0.0,0.0,0.0,0.0
1,1,30,organist,10,no,1,VerbP1,no,1.0,448.0,448.0,448.0,448.0,448.0,1.0,0.0
1,1,30,at,11,no,2,VerbP2,no,1.0,0.0,0.0,0.0,0.0,0.0,0.0,0.0
1,1,30,the,12,no,2,VerbP2,no,1.0,261.0,261.0,261.0,261.0,261.0,1.0,0.0
1,1,30,concert.,13,no,2,VerbP2,no,1.0,0.0,0.0,0.0,0.0,0.0,0.0,0.0
1,1,29,The,0,no,-1,other,no,1.0,255.0,255.0,255.0,255.0,255.0,1.0,0.0
1,1,29,ranger,1,no,-1,other,no,1.0,549.0,998.0,549.0,549.0,549.0,1.0,0.0
1,1,29,gave,2,no,-1,other,no,1.0,299.0,299.0,299.0,299.0,299.0,1.0,0.0
1,1,29,matches,3,no,-1,other,no,1.0,504.0,754.0,504.0,504.0,504.0,1.0,0.0
1,1,29,to,4,no,-1,other,no,1.0,0.0,0.0,0.0,0.0,0.0,0.0,0.0
1,1,29,the,5,no,-1,other,no,1.0,201.0,201.0,0.0,0.0,0.0,0.0,0.0
1,1,29,camper,6,no,-1,other,no,1.0,400.0,700.0,400.0,400.0,400.0,1.0,0.0
1,1,29,and,7,no,-1,other,no,1.0,249.0,249.0,249.0,249.0,249.0,1.0,0.0
1,1,29,his,8,no,-1,other,no,1.0,164.0,563.0,164.0,164.0,164.0,1.0,0.0
1,1,29,friend,9,no,-1,other,no,1.0,441.0,1293.0,441.0,441.0,441.0,1.0,0.0
1,1,29,made,10,no,0,Verb,no,1.0,161.0,161.0,161.0,161.0,161.0,1.0,0.0
1,1,29,a,11,no,1,VerbP1,no,1.0,0.0,0.0,0.0,0.0,0.0,0.0,0.0
1,1,29,fire,12,no,1,VerbP1,no,1.0,285.0,285.0,285.0,285.0,285.0,1.0,0.0
1,1,29,by,13,no,2,VerbP2,no,1.0,251.0,251.0,251.0,251.0,251.0,1.0,0.0
1,1,29,the,14,no,2,VerbP2,no,1.0,1550.0,1550.0,1550.0,1550.0,4001.0,1.0,1.0
1,1,29,tent.,15,no,2,VerbP2,no,1.0,0.0,0.0,0.0,0.0,0.0,0.0,0.0
1,1,28,The,0,no,-1,other,no,1.0,401.0,401.0,0.0,0.0,0.0,0.0,0.0
1,1,28,little,1,no,-1,other,no,1.0,400.0,400.0,400.0,400.0,801.0,1.0,1.0
1,1,28,girl,2,no,-1,other,no,1.0,292.0,292.0,292.0,292.0,292.0,1.0,0.0
1,1,28,fed,3,no,-1,other,no,1.0,0.0,0.0,0.0,0.0,0.0,0.0,0.0
1,1,28,her,4,no,-1,other,no,1.0,545.0,545.0,0.0,0.0,0.0,0.0,0.0
1,1,28,pet,5,no,-1,other,no,1.0,1308.0,1506.0,1308.0,1506.0,2051.0,1.0,1.0
1,1,28,cat,6,no,-1,other,no,1.0,0.0,0.0,0.0,0.0,0.0,0.0,0.0
1,1,28,and,7,no,-1,other,no,1.0,349.0,349.0,349.0,349.0,349.0,1.0,0.0
1,1,28,her,8,no,-1,other,no,1.0,0.0,0.0,0.0,0.0,0.0,0.0,0.0
1,1,28,dog,9,no,-1,other,no,1.0,206.0,206.0,206.0,206.0,206.0,1.0,0.0
1,1,28,wanted,10,no,0,Verb,no,1.0,250.0,250.0,250.0,250.0,250.0,1.0,0.0
1,1,28,a,11,no,1,VerbP1,no,1.0,0.0,0.0,0.0,0.0,0.0,0.0,0.0
1,1,28,can,12,no,1,VerbP1,no,1.0,248.0,248.0,248.0,248.0,248.0,1.0,0.0
1,1,28,of,13,no,2,VerbP2,no,1.0,0.0,0.0,0.0,0.0,0.0,0.0,0.0
1,1,28,"food,",14,no,2,VerbP2,no,1.0,207.0,4006.0,207.0,207.0,207.0,1.0,0.0
1,1,28,too.,15,no,2,VerbP2,no,1.0,200.0,200.0,200.0,200.0,3999.0,1.0,1.0
1,1,27,The,0,no,-1,other,no,1.0,201.0,201.0,201.0,201.0,201.0,1.0,0.0
1,1,27,tourist,1,no,-1,other,no,1.0,351.0,351.0,351.0,351.0,351.0,1.0,0.0
1,1,27,photographed,2,no,-1,other,no,1.0,748.0,748.0,748.0,748.0,748.0,1.0,0.0
1,1,27,the,3,no,-1,other,no,1.0,0.0,0.0,0.0,0.0,0.0,0.0,0.0
1,1,27,swimmer,4,no,-1,other,no,1.0,600.0,600.0,600.0,600.0,600.0,1.0,0.0
1,1,27,and,5,no,-1,other,no,1.0,0.0,0.0,0.0,0.0,0.0,0.0,0.0
1,1,27,the,6,no,-1,other,no,1.0,258.0,258.0,258.0,258.0,258.0,1.0,0.0
1,1,27,runner,7,no,-1,other,no,1.0,293.0,293.0,293.0,293.0,293.0,1.0,0.0
1,1,27,got,8,no,0,Verb,no,1.0,199.0,199.0,199.0,199.0,199.0,1.0,0.0
1,1,27,ready,9,no,1,VerbP1,no,1.0,201.0,201.0,201.0,201.0,201.0,1.0,0.0
1,1,27,for,10,no,2,VerbP2,no,1.0,200.0,200.0,200.0,200.0,200.0,1.0,0.0
1,1,27,the,11,no,2,VerbP2,no,1.0,0.0,0.0,0.0,0.0,0.0,0.0,0.0
1,1,27,race.,12,no,2,VerbP2,no,1.0,286.0,286.0,286.0,286.0,286.0,1.0,0.0
1,1,26,The,0,yes,-1,other,yes,1.0,548.0,548.0,548.0,548.0,548.0,1.0,0.0
1,1,26,swimmer,1,yes,-1,other,yes,1.0,348.0,348.0,348.0,348.0,348.0,1.0,0.0
1,1,26,disappointed,2,yes,-1,other,yes,1.0,600.0,1307.0,600.0,600.0,600.0,1.0,0.0
1,1,26,her,3,yes,-1,other,yes,1.0,194.0,194.0,0.0,0.0,0.0,0.0,0.0
1,1,26,coach,4,yes,-1,other,yes,1.0,347.0,597.0,347.0,347.0,347.0,1.0,0.0
1,1,26,and,5,yes,-1,other,yes,1.0,249.0,249.0,249.0,249.0,249.0,1.0,0.0
1,1,26,her,6,yes,-1,other,yes,1.0,263.0,565.0,263.0,263.0,263.0,1.0,0.0
1,1,26,mother,7,yes,-1,other,yes,1.0,342.0,540.0,342.0,342.0,342.0,1.0,0.0
1,1,26,tried,8,yes,0,Verb,yes,1.0,0.0,0.0,0.0,0.0,0.0,0.0,0.0
1,1,26,to,9,yes,1,VerbP1,yes,1.0,250.0,250.0,250.0,250.0,250.0,1.0,0.0
1,1,26,console,10,yes,1,VerbP1,yes,1.0,613.0,1009.0,613.0,613.0,613.0,1.0,0.0
1,1,26,her.,11,yes,2,VerbP2,yes,1.0,1488.0,4484.0,1488.0,4484.0,6531.0,1.0,1.0
1,1,25,The,0,yes,-1,other,yes,1.0,448.0,448.0,448.0,448.0,448.0,1.0,0.0
1,1,25,nurse,1,yes,-1,other,yes,1.0,292.0,791.0,292.0,292.0,292.0,1.0,0.0
1,1,25,examined,2,yes,-1,other,yes,1.0,811.0,811.0,811.0,811.0,811.0,1.0,0.0
1,1,25,the,3,yes,-1,other,yes,1.0,0.0,0.0,0.0,0.0,0.0,0.0,0.0
1,1,25,mother,4,yes,-1,other,yes,1.0,2050.0,2298.0,2050.0,2298.0,2797.0,1.0,1.0
1,1,25,and,5,yes,-1,other,yes,1.0,0.0,0.0,0.0,0.0,0.0,0.0,0.0
1,1,25,the,6,yes,-1,other,yes,1.0,248.0,248.0,248.0,248.0,248.0,1.0,0.0
1,1,25,child,7,yes,-1,other,yes,1.0,252.0,252.0,252.0,252.0,252.0,1.0,0.0
1,1,25,played,8,yes,0,Verb,yes,1.0,0.0,0.0,0.0,0.0,0.0,0.0,0.0
1,1,25,quietly,9,yes,1,VerbP1,yes,1.0,993.0,993.0,993.0,993.0,993.0,1.0,0.0
1,1,25,in,10,yes,2,VerbP2,yes,1.0,0.0,0.0,0.0,0.0,0.0,0.0,0.0
1,1,25,the,11,yes,2,VerbP2,yes,1.0,0.0,0.0,0.0,0.0,0.0,0.0,0.0
1,1,25,corner.,12,yes,2,VerbP2,yes,1.0,290.0,290.0,290.0,290.0,290.0,1.0,0.0
1,6,16,The,0,yes,-1,other,yes,1.0,198.0,198.0,0.0,0.0,0.0,0.0,0.0
1,6,16,grandfather,1,yes,-1,other,yes,1.0,202.0,751.0,202.0,751.0,949.0,1.0,1.0
1,6,16,of,2,yes,-1,other,yes,1.0,1108.0,1108.0,1108.0,1108.0,1108.0,1.0,0.0
1,6,16,the,3,yes,-1,other,yes,1.0,0.0,0.0,0.0,0.0,0.0,0.0,0.0
1,6,16,policewoman,4,yes,-1,other,yes,1.0,544.0,544.0,544.0,544.0,544.0,1.0,0.0
1,6,16,who,5,yes,-1,other,yes,1.0,311.0,311.0,311.0,311.0,311.0,1.0,0.0
1,6,16,treated,6,yes,-1,other,yes,1.0,238.0,238.0,238.0,238.0,238.0,1.0,0.0
1,6,16,herself,7,yes,0,Reflexive,yes,1.0,250.0,250.0,250.0,250.0,250.0,1.0,0.0
1,6,16,so,8,yes,1,ReflexiveP1,yes,1.0,200.0,200.0,200.0,200.0,200.0,1.0,0.0
1,6,16,badly,9,yes,1,ReflexiveP1,yes,1.0,0.0,0.0,0.0,0.0,0.0,0.0,0.0
1,6,16,was,10,yes,2,ReflexiveP2,yes,1.0,298.0,298.0,298.0,298.0,298.0,1.0,0.0
1,6,16,troubled.,11,yes,2,ReflexiveP2,yes,1.0,0.0,0.0,0.0,0.0,0.0,0.0,0.0
1,6,15,The,0,yes,-1,other,yes,1.0,351.0,351.0,0.0,0.0,0.0,0.0,0.0
1,6,15,nephew,1,yes,-1,other,yes,1.0,354.0,700.0,354.0,700.0,1051.0,1.0,1.0
1,6,15,of,2,yes,-1,other,yes,1.0,0.0,0.0,0.0,0.0,0.0,0.0,0.0
1,6,15,the,3,yes,-1,other,yes,1.0,199.0,199.0,199.0,199.0,199.0,1.0,0.0
1,6,15,maid,4,yes,-1,other,yes,1.0,350.0,350.0,350.0,350.0,350.0,1.0,0.0
1,6,15,who,5,yes,-1,other,yes,1.0,300.0,300.0,300.0,300.0,300.0,1.0,0.0
1,6,15,cut,6,yes,-1,other,yes,1.0,301.0,301.0,301.0,301.0,301.0,1.0,0.0
1,6,15,herself,7,yes,0,Reflexive,yes,1.0,400.0,400.0,400.0,400.0,400.0,1.0,0.0
1,6,15,with,8,yes,1,ReflexiveP1,yes,1.0,303.0,303.0,303.0,303.0,303.0,1.0,0.0
1,6,15,the,9,yes,1,ReflexiveP1,yes,1.0,248.0,248.0,248.0,248.0,248.0,1.0,0.0
1,6,15,knife,10,yes,1,ReflexiveP1,yes,1.0,251.0,251.0,251.0,251.0,251.0,1.0,0.0
1,6,15,called,11,yes,2,ReflexiveP2,yes,1.0,248.0,248.0,248.0,248.0,248.0,1.0,0.0
1,6,15,the,12,yes,2,ReflexiveP2,yes,1.0,0.0,0.0,0.0,0.0,0.0,0.0,0.0
1,6,15,doctor.,13,yes,2,ReflexiveP2,yes,1.0,0.0,0.0,0.0,0.0,0.0,0.0,0.0
1,6,14,The,0,no,-1,other,no,1.0,589.0,589.0,589.0,589.0,589.0,1.0,0.0
1,6,14,brother,1,no,-1,other,no,1.0,248.0,248.0,248.0,248.0,248.0,1.0,0.0
1,6,14,of,2,no,-1,other,no,1.0,0.0,0.0,0.0,0.0,0.0,0.0,0.0
1,6,14,the,3,no,-1,other,no,1.0,0.0,0.0,0.0,0.0,0.0,0.0,0.0
1,6,14,ballerina,4,no,-1,other,no,1.0,553.0,553.0,553.0,553.0,553.0,1.0,0.0
1,6,14,who,5,no,-1,other,no,1.0,392.0,392.0,392.0,392.0,392.0,1.0,0.0
1,6,14,found,6,no,-1,other,no,1.0,411.0,411.0,411.0,411.0,411.0,1.0,0.0
1,6,14,herself,7,no,0,Reflexive,no,1.0,1141.0,1141.0,1141.0,1141.0,1141.0,1.0,0.0
1,6,14,in,8,no,1,ReflexiveP1,no,1.0,0.0,0.0,0.0,0.0,0.0,0.0,0.0
1,6,14,a,9,no,1,ReflexiveP1,no,1.0,0.0,0.0,0.0,0.0,0.0,0.0,0.0
1,6,14,lot,10,no,1,ReflexiveP1,no,1.0,260.0,260.0,260.0,260.0,260.0,1.0,0.0
1,6,14,of,11,no,1,ReflexiveP1,no,1.0,241.0,241.0,241.0,241.0,241.0,1.0,0.0
1,6,14,trouble,12,no,1,ReflexiveP1,no,1.0,0.0,0.0,0.0,0.0,0.0,0.0,0.0
1,6,14,phoned,13,no,2,ReflexiveP2,no,1.0,500.0,500.0,500.0,500.0,500.0,1.0,0.0
1,6,14,home.,14,no,2,ReflexiveP2,no,1.0,0.0,0.0,0.0,0.0,0.0,0.0,0.0
1,6,13,The,0,no,-1,other,no,1.0,396.0,396.0,0.0,0.0,0.0,0.0,0.0
1,6,13,son,1,no,-1,other,no,1.0,301.0,301.0,301.0,301.0,697.0,1.0,1.0
1,6,13,of,2,no,-1,other,no,1.0,0.0,0.0,0.0,0.0,0.0,0.0,0.0
1,6,13,the,3,no,-1,other,no,1.0,294.0,294.0,294.0,294.0,294.0,1.0,0.0
1,6,13,princess,4,no,-1,other,no,1.0,456.0,456.0,456.0,456.0,456.0,1.0,0.0
1,6,13,who,5,no,-1,other,no,1.0,0.0,0.0,0.0,0.0,0.0,0.0,0.0
1,6,13,scratched,6,no,-1,other,no,1.0,896.0,896.0,896.0,896.0,896.0,1.0,0.0
1,6,13,herself,7,no,0,Reflexive,no,1.0,301.0,301.0,301.0,301.0,301.0,1.0,0.0
1,6,13,in,8,no,1,ReflexiveP1,no,1.0,200.0,200.0,200.0,200.0,200.0,1.0,0.0
1,6,13,public,9,no,1,ReflexiveP1,no,1.0,247.0,247.0,247.0,247.0,247.0,1.0,0.0
1,6,13,was,10,no,2,ReflexiveP2,no,1.0,214.0,214.0,214.0,214.0,214.0,1.0,0.0
1,6,13,awfully,11,no,2,ReflexiveP2,no,1.0,340.0,340.0,340.0,340.0,340.0,1.0,0.0
1,6,13,embarrassed.,12,no,2,ReflexiveP2,no,1.0,0.0,0.0,0.0,0.0,0.0,0.0,0.0
1,6,12,The,0,no,-1,other,no,1.0,198.0,198.0,198.0,198.0,198.0,1.0,0.0
1,6,12,sister,1,no,-1,other,no,1.0,0.0,0.0,0.0,0.0,0.0,0.0,0.0
1,6,12,of,2,no,-1,other,no,1.0,311.0,311.0,311.0,311.0,311.0,1.0,0.0
1,6,12,the,3,no,-1,other,no,1.0,0.0,0.0,0.0,0.0,0.0,0.0,0.0
1,6,12,prince,4,no,-1,other,no,1.0,455.0,455.0,455.0,455.0,455.0,1.0,0.0
1,6,12,who,5,no,-1,other,no,1.0,248.0,248.0,248.0,248.0,248.0,1.0,0.0
1,6,12,injured,6,no,-1,other,no,1.0,296.0,296.0,296.0,296.0,296.0,1.0,0.0
1,6,12,himself,7,no,0,Reflexive,no,1.0,306.0,306.0,306.0,306.0,306.0,1.0,0.0
1,6,12,falling,8,no,1,ReflexiveP1,no,1.0,243.0,243.0,243.0,243.0,243.0,1.0,0.0
1,6,12,off,9,no,1,ReflexiveP1,no,1.0,0.0,0.0,0.0,0.0,0.0,0.0,0.0
1,6,12,a,10,no,1,ReflexiveP1,no,1.0,0.0,0.0,0.0,0.0,0.0,0.0,0.0
1,6,12,roof,11,no,1,ReflexiveP1,no,1.0,188.0,188.0,188.0,188.0,188.0,1.0,0.0
1,6,12,was,12,no,2,ReflexiveP2,no,1.0,0.0,0.0,0.0,0.0,0.0,0.0,0.0
1,6,12,still,13,no,2,ReflexiveP2,no,1.0,0.0,0.0,0.0,0.0,0.0,0.0,0.0
1,6,12,sad.,14,no,2,ReflexiveP2,no,1.0,2846.0,2846.0,2846.0,2846.0,2846.0,1.0,0.0
1,6,11,The,0,no,-1,other,no,1.0,462.0,462.0,462.0,462.0,462.0,1.0,0.0
1,6,11,daughter,1,no,-1,other,no,1.0,288.0,288.0,288.0,288.0,288.0,1.0,0.0
1,6,11,of,2,no,-1,other,no,1.0,0.0,0.0,0.0,0.0,0.0,0.0,0.0
1,6,11,the,3,no,-1,other,no,1.0,250.0,250.0,250.0,250.0,250.0,1.0,0.0
1,6,11,actor,4,no,-1,other,no,1.0,301.0,301.0,301.0,301.0,301.0,1.0,0.0
1,6,11,who,5,no,-1,other,no,1.0,0.0,0.0,0.0,0.0,0.0,0.0,0.0
1,6,11,hated,6,no,-1,other,no,1.0,455.0,455.0,455.0,455.0,455.0,1.0,0.0
1,6,11,himself,7,no,0,Reflexive,no,1.0,760.0,760.0,760.0,760.0,760.0,1.0,0.0
1,6,11,for,8,no,1,ReflexiveP1,no,1.0,0.0,0.0,0.0,0.0,0.0,0.0,0.0
1,6,11,failing,9,no,1,ReflexiveP1,no,1.0,0.0,0.0,0.0,0.0,0.0,0.0,0.0
1,6,11,always,10,no,2,ReflexiveP2,no,1.0,294.0,294.0,294.0,294.0,294.0,1.0,0.0
1,6,11,seemed,11,no,2,ReflexiveP2,no,1.0,456.0,456.0,456.0,456.0,456.0,1.0,0.0
1,6,11,unhappy.,12,no,2,ReflexiveP2,no,1.0,496.0,496.0,496.0,496.0,496.0,1.0,0.0
1,6,10,The,0,yes,-1,other,yes,1.0,262.0,262.0,262.0,262.0,262.0,1.0,0.0
1,6,10,sister,1,yes,-1,other,yes,1.0,899.0,899.0,899.0,899.0,899.0,1.0,0.0
1,6,10,of,2,yes,-1,other,yes,1.0,0.0,0.0,0.0,0.0,0.0,0.0,0.0
1,6,10,the,3,yes,-1,other,yes,1.0,0.0,0.0,0.0,0.0,0.0,0.0,0.0
1,6,10,salesman,4,yes,-1,other,yes,1.0,565.0,1265.0,565.0,565.0,565.0,1.0,0.0
1,6,10,who,5,yes,-1,other,yes,1.0,335.0,335.0,335.0,335.0,335.0,1.0,0.0
1,6,10,made,6,yes,-1,other,yes,1.0,2202.0,2402.0,2202.0,2402.0,3102.0,1.0,1.0
1,6,10,a,7,yes,-1,other,yes,1.0,0.0,0.0,0.0,0.0,0.0,0.0,0.0
1,6,10,fool,8,yes,-1,other,yes,1.0,201.0,201.0,201.0,201.0,201.0,1.0,0.0
1,6,10,of,9,yes,-1,other,yes,1.0,200.0,200.0,200.0,200.0,200.0,1.0,0.0
1,6,10,himself,10,yes,0,Reflexive,yes,1.0,400.0,400.0,400.0,400.0,400.0,1.0,0.0
1,6,10,at,11,yes,1,ReflexiveP1,yes,1.0,0.0,0.0,0.0,0.0,0.0,0.0,0.0
1,6,10,work,12,yes,1,ReflexiveP1,yes,1.0,396.0,396.0,396.0,396.0,396.0,1.0,0.0
1,6,10,was,13,yes,2,ReflexiveP2,yes,1.0,0.0,0.0,0.0,0.0,0.0,0.0,0.0
1,6,10,very,14,yes,2,ReflexiveP2,yes,1.0,0.0,0.0,0.0,0.0,0.0,0.0,0.0
1,6,10,angry.,15,yes,2,ReflexiveP2,yes,1.0,0.0,0.0,0.0,0.0,0.0,0.0,0.0
1,6,9,The,0,yes,-1,other,yes,1.0,450.0,450.0,450.0,450.0,450.0,1.0,0.0
1,6,9,daughter,1,yes,-1,other,yes,1.0,395.0,395.0,395.0,395.0,395.0,1.0,0.0
1,6,9,of,2,yes,-1,other,yes,1.0,0.0,0.0,0.0,0.0,0.0,0.0,0.0
1,6,9,the,3,yes,-1,other,yes,1.0,298.0,298.0,298.0,298.0,298.0,1.0,0.0
1,6,9,man,4,yes,-1,other,yes,1.0,302.0,302.0,302.0,302.0,302.0,1.0,0.0
1,6,9,who,5,yes,-1,other,yes,1.0,207.0,207.0,207.0,207.0,207.0,1.0,0.0
1,6,9,complimented,6,yes,-1,other,yes,1.0,592.0,1493.0,592.0,592.0,592.0,1.0,0.0
1,6,9,himself,7,yes,0,Reflexive,yes,1.0,507.0,507.0,507.0,507.0,507.0,1.0,0.0
1,6,9,in,8,yes,1,ReflexiveP1,yes,1.0,0.0,0.0,0.0,0.0,0.0,0.0,0.0
1,6,9,public,9,yes,1,ReflexiveP1,yes,1.0,201.0,509.0,201.0,201.0,201.0,1.0,0.0
1,6,9,was,10,yes,2,ReflexiveP2,yes,1.0,248.0,248.0,248.0,248.0,1457.0,1.0,1.0
1,6,9,beautiful.,11,yes,2,ReflexiveP2,yes,1.0,0.0,0.0,0.0,0.0,0.0,0.0,0.0
1,5,8,The,0,no,-1,other,no,1.0,247.0,444.0,247.0,247.0,247.0,1.0,0.0
1,5,8,aunt,1,no,-1,other,no,1.0,246.0,591.0,246.0,246.0,246.0,1.0,0.0
1,5,8,of,2,no,-1,other,no,1.0,201.0,201.0,201.0,201.0,201.0,1.0,0.0
1,5,8,the,3,no,-1,other,no,1.0,205.0,507.0,205.0,205.0,205.0,1.0,0.0
1,5,8,schoolboy,4,no,-1,other,no,1.0,394.0,1092.0,394.0,394.0,394.0,1.0,0.0
1,5,8,who,5,no,-1,other,no,1.0,0.0,0.0,0.0,0.0,0.0,0.0,0.0
1,5,8,hurt,6,no,-1,other,no,1.0,510.0,764.0,510.0,510.0,510.0,1.0,0.0
1,5,8,herself,7,no,0,Reflexive,no,1.0,452.0,4360.0,452.0,452.0,452.0,1.0,0.0
1,5,8,was,8,no,1,ReflexiveP1,no,1.0,0.0,0.0,0.0,0.0,0.0,0.0,0.0
1,5,8,concerned,9,no,1,ReflexiveP1,no,1.0,559.0,559.0,559.0,559.0,559.0,1.0,0.0
1,5,8,about,10,no,2,ReflexiveP2,no,1.0,240.0,240.0,240.0,240.0,240.0,1.0,0.0
1,5,8,the,11,no,2,ReflexiveP2,no,1.0,258.0,258.0,258.0,258.0,258.0,1.0,0.0
1,5,8,injury.,12,no,2,ReflexiveP2,no,1.0,1593.0,1593.0,1593.0,1593.0,7297.0,1.0,1.0
1,5,7,The,0,no,-1,other,no,1.0,0.0,0.0,0.0,0.0,0.0,0.0,0.0
1,5,7,grandma,1,no,-1,other,no,1.0,538.0,538.0,538.0,538.0,538.0,1.0,0.0
1,5,7,of,2,no,-1,other,no,1.0,0.0,0.0,0.0,0.0,0.0,0.0,0.0
1,5,7,the,3,no,-1,other,no,1.0,288.0,288.0,288.0,288.0,288.0,1.0,0.0
1,5,7,fireman,4,no,-1,other,no,1.0,206.0,206.0,206.0,206.0,206.0,1.0,0.0
1,5,7,who,5,no,-1,other,no,1.0,0.0,0.0,0.0,0.0,0.0,0.0,0.0
1,5,7,criticized,6,no,-1,other,no,1.0,701.0,701.0,701.0,701.0,701.0,1.0,0.0
1,5,7,herself,7,no,0,Reflexive,no,1.0,400.0,400.0,400.0,400.0,400.0,1.0,0.0
1,5,7,far,8,no,1,ReflexiveP1,no,1.0,0.0,0.0,0.0,0.0,0.0,0.0,0.0
1,5,7,too,9,no,1,ReflexiveP1,no,1.0,400.0,400.0,400.0,400.0,400.0,1.0,0.0
1,5,7,often,10,no,1,ReflexiveP1,no,1.0,602.0,602.0,602.0,602.0,602.0,1.0,0.0
1,5,7,was,11,no,2,ReflexiveP2,no,1.0,349.0,349.0,349.0,349.0,349.0,1.0,0.0
1,5,7,anxious.,12,no,2,ReflexiveP2,no,1.0,2877.0,2877.0,2877.0,2877.0,2877.0,1.0,0.0
1,5,6,The,0,yes,-1,other,yes,1.0,0.0,0.0,0.0,0.0,0.0,0.0,0.0
1,5,6,grandfather,1,yes,-1,other,yes,1.0,798.0,1642.0,798.0,798.0,798.0,1.0,0.0
1,5,6,of,2,yes,-1,other,yes,1.0,193.0,356.0,193.0,193.0,193.0,1.0,0.0
1,5,6,the,3,yes,-1,other,yes,1.0,200.0,554.0,200.0,200.0,200.0,1.0,0.0
1,5,6,woman,4,yes,-1,other,yes,1.0,350.0,1331.0,350.0,350.0,350.0,1.0,0.0
1,5,6,who,5,yes,-1,other,yes,1.0,302.0,1150.0,302.0,302.0,302.0,1.0,0.0
1,5,6,killed,6,yes,-1,other,yes,1.0,948.0,1810.0,948.0,948.0,948.0,1.0,0.0
1,5,6,himself,7,yes,0,Reflexive,yes,1.0,2400.0,4181.0,2400.0,2400.0,2990.0,1.0,1.0
1,5,6,last,8,yes,1,ReflexiveP1,yes,1.0,247.0,1411.0,247.0,1110.0,5403.0,1.0,1.0
1,5,6,summer,9,yes,1,ReflexiveP1,yes,1.0,236.0,536.0,236.0,236.0,236.0,1.0,0.0
1,5,6,had,10,yes,2,ReflexiveP2,yes,1.0,451.0,992.0,451.0,451.0,1052.0,1.0,1.0
1,5,6,been,11,yes,2,ReflexiveP2,yes,1.0,358.0,358.0,0.0,0.0,0.0,0.0,0.0
1,5,6,to,12,yes,2,ReflexiveP2,yes,1.0,300.0,300.0,300.0,300.0,300.0,1.0,0.0
1,5,6,prison.,13,yes,2,ReflexiveP2,yes,1.0,402.0,402.0,402.0,402.0,2251.0,1.0,1.0
1,5,5,The,0,yes,-1,other,yes,1.0,799.0,799.0,799.0,799.0,799.0,1.0,0.0
1,5,5,brother,1,yes,-1,other,yes,1.0,201.0,201.0,201.0,201.0,201.0,1.0,0.0
1,5,5,of,2,yes,-1,other,yes,1.0,0.0,0.0,0.0,0.0,0.0,0.0,0.0
1,5,5,the,3,yes,-1,other,yes,1.0,251.0,251.0,251.0,251.0,251.0,1.0,0.0
1,5,5,schoolgirl,4,yes,-1,other,yes,1.0,400.0,400.0,400.0,400.0,400.0,1.0,0.0
1,5,5,who,5,yes,-1,other,yes,1.0,300.0,300.0,300.0,300.0,300.0,1.0,0.0
1,5,5,burned,6,yes,-1,other,yes,1.0,350.0,350.0,350.0,350.0,350.0,1.0,0.0
1,5,5,himself,7,yes,0,Reflexive,yes,1.0,452.0,452.0,452.0,452.0,452.0,1.0,0.0
1,5,5,was,8,yes,1,ReflexiveP1,yes,1.0,247.0,247.0,247.0,247.0,247.0,1.0,0.0
1,5,5,usually,9,yes,1,ReflexiveP1,yes,1.0,757.0,757.0,757.0,757.0,757.0,1.0,0.0
1,5,5,very,10,yes,2,ReflexiveP2,yes,1.0,294.0,294.0,294.0,294.0,294.0,1.0,0.0
1,5,5,careful.,11,yes,2,ReflexiveP2,yes,1.0,303.0,303.0,303.0,303.0,303.0,1.0,0.0
1,5,4,The,0,no,-1,other,no,1.0,600.0,600.0,600.0,600.0,600.0,1.0,0.0
1,5,4,son,1,no,-1,other,no,1.0,0.0,0.0,0.0,0.0,0.0,0.0,0.0
1,5,4,of,2,no,-1,other,no,1.0,0.0,0.0,0.0,0.0,0.0,0.0,0.0
1,5,4,the,3,no,-1,other,no,1.0,253.0,253.0,253.0,253.0,253.0,1.0,0.0
1,5,4,lady,4,no,-1,other,no,1.0,257.0,257.0,257.0,257.0,257.0,1.0,0.0
1,5,4,who,5,no,-1,other,no,1.0,338.0,338.0,338.0,338.0,338.0,1.0,0.0
1,5,4,politely,6,no,-1,other,no,1.0,503.0,503.0,503.0,503.0,503.0,1.0,0.0
1,5,4,introduced,7,no,-1,other,no,1.0,497.0,497.0,497.0,497.0,497.0,1.0,0.0
1,5,4,himself,8,no,0,Reflexive,no,1.0,251.0,251.0,251.0,251.0,251.0,1.0,0.0
1,5,4,was,9,no,1,ReflexiveP1,no,1.0,203.0,203.0,203.0,203.0,203.0,1.0,0.0
1,5,4,popular,10,no,1,ReflexiveP1,no,1.0,249.0,249.0,249.0,249.0,249.0,1.0,0.0
1,5,4,at,11,no,2,ReflexiveP2,no,1.0,0.0,0.0,0.0,0.0,0.0,0.0,0.0
1,5,4,the,12,no,2,ReflexiveP2,no,1.0,0.0,0.0,0.0,0.0,0.0,0.0,0.0
1,5,4,party.,13,no,2,ReflexiveP2,no,1.0,3219.0,3219.0,3219.0,3219.0,3219.0,1.0,0.0
1,5,3,The,0,no,-1,other,no,1.0,450.0,450.0,0.0,0.0,0.0,0.0,0.0
1,5,3,uncle,1,no,-1,other,no,1.0,244.0,244.0,244.0,244.0,694.0,1.0,1.0
1,5,3,of,2,no,-1,other,no,1.0,0.0,0.0,0.0,0.0,0.0,0.0,0.0
1,5,3,the,3,no,-1,other,no,1.0,0.0,0.0,0.0,0.0,0.0,0.0,0.0
1,5,3,waitress,4,no,-1,other,no,1.0,349.0,349.0,349.0,349.0,349.0,1.0,0.0
1,5,3,who,5,no,-1,other,no,1.0,356.0,356.0,356.0,356.0,356.0,1.0,0.0
1,5,3,hurt,6,no,-1,other,no,1.0,196.0,196.0,196.0,196.0,196.0,1.0,0.0
1,5,3,himself,7,no,0,Reflexive,no,1.0,305.0,305.0,305.0,305.0,305.0,1.0,0.0
1,5,3,was,8,no,1,ReflexiveP1,no,1.0,193.0,193.0,193.0,193.0,193.0,1.0,0.0
1,5,3,shocked,9,no,1,ReflexiveP1,no,1.0,300.0,300.0,300.0,300.0,300.0,1.0,0.0
1,5,3,by,10,no,2,ReflexiveP2,no,1.0,203.0,203.0,203.0,203.0,203.0,1.0,0.0
1,5,3,the,11,no,2,ReflexiveP2,no,1.0,0.0,0.0,0.0,0.0,0.0,0.0,0.0
1,5,3,accident.,12,no,2,ReflexiveP2,no,1.0,248.0,248.0,248.0,248.0,248.0,1.0,0.0
1,5,2,The,0,yes,-1,other,yes,1.0,550.0,550.0,550.0,550.0,550.0,1.0,0.0
1,5,2,brother,1,yes,-1,other,yes,1.0,202.0,202.0,202.0,202.0,202.0,1.0,0.0
1,5,2,of,2,yes,-1,other,yes,1.0,0.0,0.0,0.0,0.0,0.0,0.0,0.0
1,5,2,the,3,yes,-1,other,yes,1.0,0.0,0.0,0.0,0.0,0.0,0.0,0.0
1,5,2,bride,4,yes,-1,other,yes,1.0,298.0,298.0,298.0,298.0,298.0,1.0,0.0
1,5,2,who,5,yes,-1,other,yes,1.0,201.0,201.0,201.0,201.0,201.0,1.0,0.0
1,5,2,embarrassed,6,yes,-1,other,yes,1.0,350.0,350.0,350.0,350.0,350.0,1.0,0.0
1,5,2,himself,7,yes,0,Reflexive,yes,1.0,398.0,398.0,398.0,398.0,398.0,1.0,0.0
1,5,2,at,8,yes,1,ReflexiveP1,yes,1.0,0.0,0.0,0.0,0.0,0.0,0.0,0.0
1,5,2,the,9,yes,1,ReflexiveP1,yes,1.0,0.0,0.0,0.0,0.0,0.0,0.0,0.0
1,5,2,wedding,10,yes,1,ReflexiveP1,yes,1.0,353.0,353.0,353.0,353.0,353.0,1.0,0.0
1,5,2,felt,11,yes,2,ReflexiveP2,yes,1.0,0.0,0.0,0.0,0.0,0.0,0.0,0.0
1,5,2,ashamed.,12,yes,2,ReflexiveP2,yes,1.0,3803.0,3803.0,3803.0,3803.0,3803.0,1.0,0.0
1,5,1,The,0,yes,-1,other,yes,1.0,255.0,255.0,0.0,0.0,0.0,0.0,0.0
1,5,1,son,1,yes,-1,other,yes,1.0,201.0,545.0,201.0,545.0,800.0,1.0,1.0
1,5,1,of,2,yes,-1,other,yes,1.0,0.0,0.0,0.0,0.0,0.0,0.0,0.0
1,5,1,the,3,yes,-1,other,yes,1.0,0.0,0.0,0.0,0.0,0.0,0.0,0.0
1,5,1,actress,4,yes,-1,other,yes,1.0,395.0,395.0,395.0,395.0,395.0,1.0,0.0
1,5,1,who,5,yes,-1,other,yes,1.0,0.0,0.0,0.0,0.0,0.0,0.0,0.0
1,5,1,shot,6,yes,-1,other,yes,1.0,295.0,295.0,295.0,295.0,295.0,1.0,0.0
1,5,1,himself,7,yes,0,Reflexive,yes,1.0,709.0,709.0,709.0,709.0,709.0,1.0,0.0
1,5,1,on,8,yes,1,ReflexiveP1,yes,1.0,2396.0,2396.0,2396.0,2396.0,2396.0,1.0,0.0
1,5,1,the,9,yes,1,ReflexiveP1,yes,1.0,0.0,0.0,0.0,0.0,0.0,0.0,0.0
1,5,1,set,10,yes,1,ReflexiveP1,yes,1.0,250.0,250.0,250.0,250.0,250.0,1.0,0.0
1,5,1,was,11,yes,2,ReflexiveP2,yes,1.0,0.0,0.0,0.0,0.0,0.0,0.0,0.0
1,5,1,under,12,yes,2,ReflexiveP2,yes,1.0,249.0,249.0,249.0,249.0,249.0,1.0,0.0
1,5,1,investigation.,13,yes,2,ReflexiveP2,yes,1.0,259.0,259.0,259.0,259.0,259.0,1.0,0.0
