expr_id,cond_id,para_nr,word,word_nr,response_true,response_chosen,correctness,first_duration,total_duration,gaze_duration,right_bounded_rt,go_pass_time,FPFix,FPReg
1,1,1,The,0,No,No,1,134.0,840.0,134.0,840.0,840.0,1.0,0.0
1,1,1,witness,1,No,No,1,340.0,340.0,340.0,340.0,340.0,1.0,0.0
1,1,1,identified,2,No,No,1,635.0,635.0,635.0,635.0,635.0,1.0,0.0
1,1,1,the,3,No,No,1,563.0,563.0,563.0,563.0,563.0,1.0,0.0
1,1,1,man,4,No,No,1,82.0,82.0,82.0,82.0,82.0,1.0,0.0
1,1,1,and,5,No,No,1,621.0,621.0,621.0,621.0,621.0,1.0,0.0
1,1,1,his,6,No,No,1,631.0,631.0,631.0,631.0,631.0,1.0,0.0
1,1,1,wife,7,No,No,1,114.0,114.0,114.0,114.0,114.0,1.0,0.0
1,1,1,ran,8,No,No,1,606.0,606.0,606.0,606.0,606.0,1.0,0.0
1,1,1,away,9,No,No,1,557.0,557.0,557.0,557.0,557.0,1.0,0.0
1,1,1,from,10,No,No,1,105.0,105.0,105.0,105.0,105.0,1.0,0.0
1,1,1,the,11,No,No,1,513.0,513.0,513.0,513.0,513.0,1.0,0.0
1,1,1,police,12,No,No,1,80.0,80.0,80.0,80.0,80.0,1.0,0.0
1,1,1,station.,13,No,No,1,7233.0,7233.0,7233.0,7233.0,7233.0,1.0,0.0
1,1,2,Jenny,0,No,No,1,1119.0,1119.0,1119.0,1119.0,1119.0,1.0,0.0
1,1,2,talked,1,No,No,1,81.0,81.0,81.0,81.0,81.0,1.0,0.0
1,1,2,to,2,No,No,1,0.0,0.0,0.0,0.0,0.0,0.0,0.0
1,1,2,the,3,No,No,1,78.0,78.0,78.0,78.0,78.0,1.0,0.0
1,1,2,reporter,4,No,No,1,581.0,581.0,581.0,581.0,581.0,1.0,0.0
1,1,2,and,5,No,No,1,606.0,606.0,606.0,606.0,606.0,1.0,0.0
1,1,2,the,6,No,No,1,0.0,0.0,0.0,0.0,0.0,0.0,0.0
1,1,2,photographer,7,No,No,1,747.0,747.0,747.0,747.0,747.0,1.0,0.0
1,1,2,took,8,No,No,1,491.0,491.0,491.0,491.0,491.0,1.0,0.0
1,1,2,pictures,9,No,No,1,144.0,144.0,144.0,144.0,144.0,1.0,0.0
1,1,2,of,10,No,No,1,500.0,500.0,500.0,500.0,500.0,1.0,0.0
1,1,2,the,11,No,No,1,0.0,0.0,0.0,0.0,0.0,0.0,0.0
1,1,2,scene.,12,No,No,1,627.0,627.0,627.0,627.0,627.0,1.0,0.0
1,1,3,The,0,Yes,Yes,1,500.0,500.0,500.0,500.0,500.0,1.0,0.0
1,1,3,robber,1,Yes,Yes,1,271.0,271.0,271.0,271.0,271.0,1.0,0.0
1,1,3,shot,2,Yes,Yes,1,395.0,395.0,395.0,395.0,395.0,1.0,0.0
1,1,3,the,3,Yes,Yes,1,0.0,0.0,0.0,0.0,0.0,0.0,0.0
1,1,3,jeweler,4,Yes,Yes,1,684.0,684.0,684.0,684.0,684.0,1.0,0.0
1,1,3,and,5,Yes,Yes,1,200.0,200.0,200.0,200.0,200.0,1.0,0.0
1,1,3,the,6,Yes,Yes,1,383.0,383.0,383.0,383.0,383.0,1.0,0.0
1,1,3,salesman,7,Yes,Yes,1,678.0,678.0,678.0,678.0,678.0,1.0,0.0
1,1,3,reported,8,Yes,Yes,1,617.0,617.0,617.0,617.0,617.0,1.0,0.0
1,1,3,the,9,Yes,Yes,1,0.0,0.0,0.0,0.0,0.0,0.0,0.0
1,1,3,crime,10,Yes,Yes,1,546.0,546.0,546.0,546.0,546.0,1.0,0.0
1,1,3,to,11,Yes,Yes,1,0.0,0.0,0.0,0.0,0.0,0.0,0.0
1,1,3,the,12,Yes,Yes,1,0.0,0.0,0.0,0.0,0.0,0.0,0.0
1,1,3,police.,13,Yes,Yes,1,170.0,170.0,170.0,170.0,170.0,1.0,0.0
1,1,4,The,0,Yes,Yes,1,129.0,129.0,129.0,129.0,129.0,1.0,0.0
1,1,4,journalist,1,Yes,Yes,1,242.0,242.0,242.0,242.0,242.0,1.0,0.0
1,1,4,criticized,2,Yes,Yes,1,1124.0,1124.0,1124.0,1124.0,1124.0,1.0,0.0
1,1,4,Nick,3,Yes,Yes,1,0.0,0.0,0.0,0.0,0.0,0.0,0.0
1,1,4,and,4,Yes,Yes,1,693.0,693.0,693.0,693.0,693.0,1.0,0.0
1,1,4,Sam,5,Yes,Yes,1,551.0,551.0,551.0,551.0,551.0,1.0,0.0
1,1,4,called,6,Yes,Yes,1,653.0,653.0,653.0,653.0,653.0,1.0,0.0
1,1,4,the,7,Yes,Yes,1,97.0,97.0,97.0,97.0,97.0,1.0,0.0
1,1,4,newspaper,8,Yes,Yes,1,748.0,748.0,748.0,748.0,748.0,1.0,0.0
1,1,4,to,9,Yes,Yes,1,730.0,730.0,730.0,730.0,730.0,1.0,0.0
1,1,4,complain.,10,Yes,Yes,1,268.0,268.0,268.0,268.0,268.0,1.0,0.0
1,1,5,Sam,0,Yes,Yes,1,74.0,565.0,74.0,565.0,565.0,1.0,0.0
1,1,5,hired,1,Yes,Yes,1,567.0,567.0,567.0,567.0,567.0,1.0,0.0
1,1,5,the,2,Yes,Yes,1,0.0,0.0,0.0,0.0,0.0,0.0,0.0
1,1,5,plumber,3,Yes,Yes,1,618.0,618.0,618.0,618.0,618.0,1.0,0.0
1,1,5,and,4,Yes,Yes,1,545.0,545.0,545.0,545.0,545.0,1.0,0.0
1,1,5,the,5,Yes,Yes,1,0.0,0.0,0.0,0.0,0.0,0.0,0.0
1,1,5,carpenter,6,Yes,Yes,1,301.0,301.0,301.0,301.0,301.0,1.0,0.0
1,1,5,ordered,7,Yes,Yes,1,708.0,708.0,708.0,708.0,708.0,1.0,0.0
1,1,5,the,8,Yes,Yes,1,0.0,0.0,0.0,0.0,0.0,0.0,0.0
1,1,5,materials,9,Yes,Yes,1,649.0,649.0,649.0,649.0,649.0,1.0,0.0
1,1,5,for,10,Yes,Yes,1,0.0,0.0,0.0,0.0,0.0,0.0,0.0
1,1,5,the,11,Yes,Yes,1,105.0,105.0,105.0,105.0,105.0,1.0,0.0
1,1,5,house.,12,Yes,Yes,1,6581.0,6581.0,6581.0,6581.0,6581.0,1.0,0.0
1,1,6,The,0,Yes,Yes,1,599.0,599.0,599.0,599.0,599.0,1.0,0.0
1,1,6,police,1,Yes,Yes,1,249.0,249.0,249.0,249.0,249.0,1.0,0.0
1,1,6,arrested,2,Yes,Yes,1,577.0,577.0,577.0,577.0,577.0,1.0,0.0
1,1,6,the,3,Yes,Yes,1,0.0,0.0,0.0,0.0,0.0,0.0,0.0
1,1,6,burglar,4,Yes,Yes,1,610.0,610.0,610.0,610.0,610.0,1.0,0.0
1,1,6,and,5,Yes,Yes,1,81.0,81.0,81.0,81.0,81.0,1.0,0.0
1,1,6,his,6,Yes,Yes,1,549.0,549.0,549.0,549.0,549.0,1.0,0.0
1,1,6,brother,7,Yes,Yes,1,251.0,251.0,251.0,251.0,251.0,1.0,0.0
1,1,6,phoned,8,Yes,Yes,1,403.0,403.0,403.0,403.0,403.0,1.0,0.0
1,1,6,a,9,Yes,Yes,1,0.0,0.0,0.0,0.0,0.0,0.0,0.0
1,1,6,lawyer,10,Yes,Yes,1,643.0,643.0,643.0,643.0,643.0,1.0,0.0
1,1,6,for,11,Yes,Yes,1,0.0,0.0,0.0,0.0,0.0,0.0,0.0
1,1,6,help.,12,Yes,Yes,1,251.0,251.0,251.0,251.0,251.0,1.0,0.0
1,1,7,The,0,No,No,1,107.0,256.0,107.0,256.0,256.0,1.0,0.0
1,1,7,knight,1,No,No,1,521.0,521.0,521.0,521.0,521.0,1.0,0.0
1,1,7,greeted,2,No,No,1,114.0,114.0,114.0,114.0,114.0,1.0,0.0
1,1,7,the,3,No,No,1,603.0,603.0,603.0,603.0,603.0,1.0,0.0
1,1,7,king,4,No,No,1,98.0,98.0,98.0,98.0,98.0,1.0,0.0
1,1,7,and,5,No,No,1,570.0,570.0,570.0,570.0,570.0,1.0,0.0
1,1,7,the,6,No,No,1,0.0,0.0,0.0,0.0,0.0,0.0,0.0
1,1,7,queen,7,No,No,1,703.0,703.0,703.0,703.0,703.0,1.0,0.0
1,1,7,waved,8,No,No,1,801.0,801.0,801.0,801.0,801.0,1.0,0.0
1,1,7,to,9,No,No,1,0.0,0.0,0.0,0.0,0.0,0.0,0.0
1,1,7,her,10,No,No,1,151.0,151.0,151.0,151.0,151.0,1.0,0.0
1,1,7,people,11,No,No,1,851.0,851.0,851.0,851.0,851.0,1.0,0.0
1,1,7,at,12,No,No,1,0.0,0.0,0.0,0.0,0.0,0.0,0.0
1,1,7,the,13,No,No,1,101.0,101.0,101.0,101.0,101.0,1.0,0.0
1,1,7,feast.,14,No,No,1,102.0,102.0,102.0,102.0,102.0,1.0,0.0
1,1,8,The,0,Yes,Yes,1,503.0,503.0,503.0,503.0,503.0,1.0,0.0
1,1,8,customer,1,Yes,Yes,1,817.0,817.0,817.0,817.0,817.0,1.0,0.0
1,1,8,complained,2,Yes,Yes,1,818.0,818.0,818.0,818.0,818.0,1.0,0.0
1,1,8,about,3,Yes,Yes,1,98.0,98.0,98.0,98.0,98.0,1.0,0.0
1,1,8,the,4,Yes,Yes,1,570.0,570.0,570.0,570.0,570.0,1.0,0.0
1,1,8,waiter,5,Yes,Yes,1,84.0,84.0,84.0,84.0,84.0,1.0,0.0
1,1,8,and,6,Yes,Yes,1,648.0,648.0,648.0,648.0,648.0,1.0,0.0
1,1,8,the,7,Yes,Yes,1,581.0,581.0,581.0,581.0,581.0,1.0,0.0
1,1,8,chef,8,Yes,Yes,1,0.0,0.0,0.0,0.0,0.0,0.0,0.0
1,1,8,gave,9,Yes,Yes,1,563.0,563.0,563.0,563.0,563.0,1.0,0.0
1,1,8,him,10,Yes,Yes,1,0.0,0.0,0.0,0.0,0.0,0.0,0.0
1,1,8,a,11,Yes,Yes,1,0.0,0.0,0.0,0.0,0.0,0.0,0.0
1,1,8,free,12,Yes,Yes,1,501.0,501.0,501.0,501.0,501.0,1.0,0.0
1,1,8,dessert.,13,Yes,Yes,1,445.0,445.0,445.0,445.0,445.0,1.0,0.0
1,2,9,The,0,Yes,Yes,1,580.0,580.0,580.0,580.0,580.0,1.0,0.0
1,2,9,crowd,1,Yes,Yes,1,132.0,132.0,132.0,132.0,132.0,1.0,0.0
1,2,9,cheered,2,Yes,Yes,1,619.0,619.0,619.0,619.0,619.0,1.0,0.0
1,2,9,for,3,Yes,Yes,1,133.0,133.0,133.0,133.0,133.0,1.0,0.0
1,2,9,the,4,Yes,Yes,1,436.0,436.0,436.0,436.0,436.0,1.0,0.0
1,2,9,"model,",5,Yes,Yes,1,218.0,218.0,218.0,218.0,218.0,1.0,0.0
1,2,9,and,6,Yes,Yes,1,409.0,409.0,409.0,409.0,409.0,1.0,0.0
1,2,9,the,7,Yes,Yes,1,0.0,0.0,0.0,0.0,0.0,0.0,0.0
1,2,9,designer,8,Yes,Yes,1,693.0,693.0,693.0,693.0,693.0,1.0,0.0
1,2,9,took,9,Yes,Yes,1,185.0,185.0,0.0,0.0,0.0,0.0,0.0
1,2,9,a,10,Yes,Yes,1,0.0,0.0,0.0,0.0,0.0,0.0,0.0
1,2,9,bow,11,Yes,Yes,1,598.0,598.0,598.0,598.0,783.0,1.0,1.0
1,2,9,after,12,Yes,Yes,1,0.0,0.0,0.0,0.0,0.0,0.0,0.0
1,2,9,the,13,Yes,Yes,1,0.0,0.0,0.0,0.0,0.0,0.0,0.0
1,2,9,show.,14,Yes,Yes,1,455.0,455.0,455.0,455.0,455.0,1.0,0.0
1,2,10,The,0,No,No,1,650.0,650.0,650.0,650.0,650.0,1.0,0.0
1,2,10,juggler,1,No,No,1,283.0,283.0,283.0,283.0,283.0,1.0,0.0
1,2,10,entertained,2,No,No,1,983.0,983.0,983.0,983.0,983.0,1.0,0.0
1,2,10,the,3,No,No,1,220.0,220.0,220.0,220.0,220.0,1.0,0.0
1,2,10,"children,",4,No,No,1,1119.0,1119.0,1119.0,1119.0,1119.0,1.0,0.0
1,2,10,and,5,No,No,1,78.0,78.0,78.0,78.0,78.0,1.0,0.0
1,2,10,their,6,No,No,1,640.0,640.0,640.0,640.0,640.0,1.0,0.0
1,2,10,parents,7,No,No,1,210.0,210.0,210.0,210.0,210.0,1.0,0.0
1,2,10,drank,8,No,No,1,101.0,101.0,101.0,101.0,101.0,1.0,0.0
1,2,10,wine,9,No,No,1,353.0,353.0,353.0,353.0,353.0,1.0,0.0
1,2,10,at,10,No,No,1,0.0,0.0,0.0,0.0,0.0,0.0,0.0
1,2,10,the,11,No,No,1,0.0,0.0,0.0,0.0,0.0,0.0,0.0
1,2,10,party.,12,No,No,1,0.0,0.0,0.0,0.0,0.0,0.0,0.0
1,2,11,The,0,No,No,1,542.0,542.0,542.0,542.0,542.0,1.0,0.0
1,2,11,woman,1,No,No,1,110.0,110.0,110.0,110.0,110.0,1.0,0.0
1,2,11,dressed,2,No,No,1,496.0,496.0,496.0,496.0,496.0,1.0,0.0
1,2,11,her,3,No,No,1,72.0,72.0,72.0,72.0,72.0,1.0,0.0
1,2,11,"baby,",4,No,No,1,841.0,841.0,841.0,841.0,841.0,1.0,0.0
1,2,11,and,5,No,No,1,0.0,0.0,0.0,0.0,0.0,0.0,0.0
1,2,11,her,6,No,No,1,0.0,0.0,0.0,0.0,0.0,0.0,0.0
1,2,11,son,7,No,No,1,989.0,989.0,989.0,989.0,989.0,1.0,0.0
1,2,11,got,8,No,No,1,201.0,201.0,201.0,201.0,201.0,1.0,0.0
1,2,11,his,9,No,No,1,456.0,456.0,456.0,456.0,456.0,1.0,0.0
1,2,11,clothes,10,No,No,1,297.0,297.0,297.0,297.0,297.0,1.0,0.0
1,2,11,from,11,No,No,1,366.0,366.0,366.0,366.0,366.0,1.0,0.0
1,2,11,the,12,No,No,1,596.0,596.0,596.0,596.0,596.0,1.0,0.0
1,2,11,dresser.,13,No,No,1,122.0,122.0,122.0,122.0,122.0,1.0,0.0
1,2,12,Diane,0,Yes,Yes,1,896.0,896.0,896.0,896.0,896.0,1.0,0.0
1,2,12,hugged,1,Yes,Yes,1,798.0,798.0,798.0,798.0,798.0,1.0,0.0
1,2,12,her,2,Yes,Yes,1,181.0,181.0,181.0,181.0,181.0,1.0,0.0
1,2,12,"boyfriend,",3,Yes,Yes,1,688.0,688.0,688.0,688.0,688.0,1.0,0.0
1,2,12,and,4,Yes,Yes,1,531.0,531.0,531.0,531.0,531.0,1.0,0.0
1,2,12,her,5,Yes,Yes,1,0.0,0.0,0.0,0.0,0.0,0.0,0.0
1,2,12,friend,6,Yes,Yes,1,618.0,618.0,618.0,618.0,618.0,1.0,0.0
1,2,12,felt,7,Yes,Yes,1,73.0,73.0,73.0,73.0,73.0,1.0,0.0
1,2,12,uncomfortable,8,Yes,Yes,1,1137.0,1137.0,1137.0,1137.0,1137.0,1.0,0.0
1,2,12,watching,9,Yes,Yes,1,361.0,361.0,361.0,361.0,361.0,1.0,0.0
1,2,12,them.,10,Yes,Yes,1,0.0,0.0,0.0,0.0,0.0,0.0,0.0
1,2,13,The,0,Yes,Yes,1,574.0,574.0,574.0,574.0,574.0,1.0,0.0
1,2,13,producer,1,Yes,Yes,1,509.0,509.0,509.0,509.0,509.0,1.0,0.0
1,2,13,replaced,2,Yes,Yes,1,570.0,570.0,570.0,570.0,570.0,1.0,0.0
1,2,13,the,3,Yes,Yes,1,581.0,581.0,581.0,581.0,581.0,1.0,0.0
1,2,13,"actor,",4,Yes,Yes,1,187.0,187.0,187.0,187.0,187.0,1.0,0.0
1,2,13,and,5,Yes,Yes,1,725.0,725.0,725.0,725.0,725.0,1.0,0.0
1,2,13,the,6,Yes,Yes,1,0.0,0.0,0.0,0.0,0.0,0.0,0.0
1,2,13,actress,7,Yes,Yes,1,617.0,617.0,617.0,617.0,617.0,1.0,0.0
1,2,13,quit,8,Yes,Yes,1,206.0,206.0,206.0,206.0,206.0,1.0,0.0
1,2,13,the,9,Yes,Yes,1,385.0,385.0,385.0,385.0,385.0,1.0,0.0
1,2,13,movie,10,Yes,Yes,1,0.0,0.0,0.0,0.0,0.0,0.0,0.0
1,2,13,after,11,Yes,Yes,1,343.0,343.0,343.0,343.0,343.0,1.0,0.0
1,2,13,the,12,Yes,Yes,1,229.0,229.0,229.0,229.0,229.0,1.0,0.0
1,2,13,fight.,13,Yes,Yes,1,0.0,0.0,0.0,0.0,0.0,0.0,0.0
1,2,14,The,0,Yes,Yes,1,559.0,559.0,559.0,559.0,559.0,1.0,0.0
1,2,14,audience,1,Yes,Yes,1,125.0,125.0,125.0,125.0,125.0,1.0,0.0
1,2,14,applauded,2,Yes,Yes,1,702.0,702.0,702.0,702.0,702.0,1.0,0.0
1,2,14,the,3,Yes,Yes,1,0.0,0.0,0.0,0.0,0.0,0.0,0.0
1,2,14,"guitarist,",4,Yes,Yes,1,649.0,649.0,649.0,649.0,649.0,1.0,0.0
1,2,14,and,5,Yes,Yes,1,0.0,0.0,0.0,0.0,0.0,0.0,0.0
1,2,14,the,6,Yes,Yes,1,402.0,402.0,402.0,402.0,402.0,1.0,0.0
1,2,14,band,7,Yes,Yes,1,272.0,272.0,272.0,272.0,272.0,1.0,0.0
1,2,14,cheered,8,Yes,Yes,1,581.0,581.0,581.0,581.0,581.0,1.0,0.0
1,2,14,for,9,Yes,Yes,1,537.0,537.0,537.0,537.0,537.0,1.0,0.0
1,2,14,him,10,Yes,Yes,1,0.0,0.0,0.0,0.0,0.0,0.0,0.0
1,2,14,very,11,Yes,Yes,1,0.0,0.0,0.0,0.0,0.0,0.0,0.0
1,2,14,loudly.,12,Yes,Yes,1,466.0,466.0,466.0,466.0,466.0,1.0,0.0
1,2,15,Jim,0,No,Yes,0,704.0,704.0,704.0,704.0,704.0,1.0,0.0
1,2,15,listened,1,No,Yes,0,105.0,105.0,105.0,105.0,105.0,1.0,0.0
1,2,15,to,2,No,Yes,0,0.0,0.0,0.0,0.0,0.0,0.0,0.0
1,2,15,the,3,No,Yes,0,0.0,0.0,0.0,0.0,0.0,0.0,0.0
1,2,15,"pianist,",4,No,Yes,0,864.0,864.0,864.0,864.0,864.0,1.0,0.0
1,2,15,and,5,No,Yes,0,591.0,591.0,591.0,591.0,591.0,1.0,0.0
1,2,15,the,6,No,Yes,0,107.0,107.0,107.0,107.0,107.0,1.0,0.0
1,2,15,singer,7,No,Yes,0,235.0,235.0,235.0,235.0,235.0,1.0,0.0
1,2,15,watched,8,No,Yes,0,410.0,410.0,410.0,410.0,410.0,1.0,0.0
1,2,15,the,9,No,Yes,0,0.0,0.0,0.0,0.0,0.0,0.0,0.0
1,2,15,organist,10,No,Yes,0,1425.0,1425.0,1425.0,1425.0,1425.0,1.0,0.0
1,2,15,at,11,No,Yes,0,0.0,0.0,0.0,0.0,0.0,0.0,0.0
1,2,15,the,12,No,Yes,0,83.0,83.0,83.0,83.0,83.0,1.0,0.0
1,2,15,concert.,13,No,Yes,0,489.0,489.0,489.0,489.0,489.0,1.0,0.0
1,2,16,The,0,No,No,1,745.0,745.0,745.0,745.0,745.0,1.0,0.0
1,2,16,ranger,1,No,No,1,160.0,160.0,160.0,160.0,160.0,1.0,0.0
1,2,16,gave,2,No,No,1,217.0,217.0,217.0,217.0,217.0,1.0,0.0
1,2,16,matches,3,No,No,1,623.0,623.0,623.0,623.0,623.0,1.0,0.0
1,2,16,to,4,No,No,1,145.0,145.0,145.0,145.0,145.0,1.0,0.0
1,2,16,the,5,No,No,1,468.0,468.0,468.0,468.0,468.0,1.0,0.0
1,2,16,"camper,",6,No,No,1,670.0,670.0,670.0,670.0,670.0,1.0,0.0
1,2,16,and,7,No,No,1,978.0,978.0,978.0,978.0,978.0,1.0,0.0
1,2,16,his,8,No,No,1,0.0,0.0,0.0,0.0,0.0,0.0,0.0
1,2,16,friend,9,No,No,1,125.0,125.0,125.0,125.0,125.0,1.0,0.0
1,2,16,made,10,No,No,1,517.0,517.0,517.0,517.0,517.0,1.0,0.0
1,2,16,a,11,No,No,1,0.0,0.0,0.0,0.0,0.0,0.0,0.0
1,2,16,fire,12,No,No,1,496.0,496.0,496.0,496.0,496.0,1.0,0.0
1,2,16,by,13,No,No,1,0.0,0.0,0.0,0.0,0.0,0.0,0.0
1,2,16,the,14,No,No,1,0.0,0.0,0.0,0.0,0.0,0.0,0.0
1,2,16,tent.,15,No,No,1,0.0,0.0,0.0,0.0,0.0,0.0,0.0
2,1,1,There,0,Because of rumors.,Because of rumors.,1,1370.0,1370.0,1370.0,1370.0,1370.0,1.0,0.0
2,1,1,are,1,Because of rumors.,Because of rumors.,1,403.0,403.0,403.0,403.0,403.0,1.0,0.0
2,1,1,now,2,Because of rumors.,Because of rumors.,1,642.0,642.0,642.0,642.0,642.0,1.0,0.0
2,1,1,rumblings,3,Because of rumors.,Because of rumors.,1,1555.0,1555.0,1555.0,1555.0,1555.0,1.0,0.0
2,1,1,that,4,Because of rumors.,Because of rumors.,1,809.0,809.0,809.0,809.0,809.0,1.0,0.0
2,1,1,Apple,5,Because of rumors.,Because of rumors.,1,817.0,817.0,817.0,817.0,817.0,1.0,0.0
2,1,1,might,6,Because of rumors.,Because of rumors.,1,848.0,848.0,848.0,848.0,848.0,1.0,0.0
2,1,1,soon,7,Because of rumors.,Because of rumors.,1,816.0,816.0,816.0,816.0,816.0,1.0,0.0
2,1,1,invade,8,Because of rumors.,Because of rumors.,1,795.0,795.0,795.0,795.0,795.0,1.0,0.0
2,1,1,the,9,Because of rumors.,Because of rumors.,1,600.0,600.0,600.0,600.0,600.0,1.0,0.0
2,1,1,smart,10,Because of rumors.,Because of rumors.,1,735.0,735.0,735.0,735.0,735.0,1.0,0.0
2,1,1,watch,11,Because of rumors.,Because of rumors.,1,1065.0,1065.0,1065.0,1065.0,1065.0,1.0,0.0
2,1,1,"space,",12,Because of rumors.,Because of rumors.,1,701.0,701.0,701.0,701.0,701.0,1.0,0.0
2,1,1,though,13,Because of rumors.,Because of rumors.,1,782.0,782.0,782.0,782.0,782.0,1.0,0.0
2,1,1,the,14,Because of rumors.,Because of rumors.,1,746.0,746.0,746.0,746.0,746.0,1.0,0.0
2,1,1,company,15,Because of rumors.,Because of rumors.,1,781.0,781.0,781.0,781.0,781.0,1.0,0.0
2,1,1,is,16,Because of rumors.,Because of rumors.,1,134.0,134.0,134.0,134.0,134.0,1.0,0.0
2,1,1,maintaining,17,Because of rumors.,Because of rumors.,1,1732.0,1732.0,1732.0,1732.0,1732.0,1.0,0.0
2,1,1,its,18,Because of rumors.,Because of rumors.,1,0.0,0.0,0.0,0.0,0.0,0.0,0.0
2,1,1,customary,19,Because of rumors.,Because of rumors.,1,1107.0,1107.0,1107.0,1107.0,1107.0,1.0,0.0
2,1,1,silence.,20,Because of rumors.,Because of rumors.,1,1185.0,1185.0,1185.0,1185.0,1185.0,1.0,0.0
2,1,1,The,21,Because of rumors.,Because of rumors.,1,196.0,196.0,196.0,196.0,196.0,1.0,0.0
2,1,1,watch,22,Because of rumors.,Because of rumors.,1,693.0,693.0,693.0,693.0,693.0,1.0,0.0
2,1,1,doesn't,23,Because of rumors.,Because of rumors.,1,602.0,602.0,602.0,602.0,602.0,1.0,0.0
2,1,1,have,24,Because of rumors.,Because of rumors.,1,1024.0,1024.0,1024.0,1024.0,1024.0,1.0,0.0
2,1,1,a,25,Because of rumors.,Because of rumors.,1,0.0,0.0,0.0,0.0,0.0,0.0,0.0
2,1,1,microphone,26,Because of rumors.,Because of rumors.,1,75.0,1680.0,75.0,1680.0,1680.0,1.0,0.0
2,1,1,or,27,Because of rumors.,Because of rumors.,1,468.0,468.0,468.0,468.0,468.0,1.0,0.0
2,1,1,"speaker,",28,Because of rumors.,Because of rumors.,1,777.0,777.0,777.0,777.0,777.0,1.0,0.0
2,1,1,but,29,Because of rumors.,Because of rumors.,1,780.0,780.0,780.0,780.0,780.0,1.0,0.0
2,1,1,you,30,Because of rumors.,Because of rumors.,1,4183.0,4183.0,4183.0,4183.0,4183.0,1.0,0.0
2,1,1,can,31,Because of rumors.,Because of rumors.,1,148.0,148.0,148.0,148.0,148.0,1.0,0.0
2,1,1,use,32,Because of rumors.,Because of rumors.,1,208.0,208.0,208.0,208.0,208.0,1.0,0.0
2,1,1,it,33,Because of rumors.,Because of rumors.,1,500.0,500.0,500.0,500.0,500.0,1.0,0.0
2,1,1,to,34,Because of rumors.,Because of rumors.,1,0.0,0.0,0.0,0.0,0.0,0.0,0.0
2,1,1,control,35,Because of rumors.,Because of rumors.,1,754.0,754.0,754.0,754.0,754.0,1.0,0.0
2,1,1,the,36,Because of rumors.,Because of rumors.,1,148.0,148.0,148.0,148.0,148.0,1.0,0.0
2,1,1,music,37,Because of rumors.,Because of rumors.,1,902.0,902.0,902.0,902.0,902.0,1.0,0.0
2,1,1,on,38,Because of rumors.,Because of rumors.,1,522.0,522.0,522.0,522.0,522.0,1.0,0.0
2,1,1,your,39,Because of rumors.,Because of rumors.,1,125.0,125.0,125.0,125.0,125.0,1.0,0.0
2,1,1,phone.,40,Because of rumors.,Because of rumors.,1,1102.0,1102.0,1102.0,1102.0,1102.0,1.0,0.0
2,1,1,You,41,Because of rumors.,Because of rumors.,1,457.0,457.0,457.0,457.0,457.0,1.0,0.0
2,1,1,can,42,Because of rumors.,Because of rumors.,1,0.0,0.0,0.0,0.0,0.0,0.0,0.0
2,1,1,glance,43,Because of rumors.,Because of rumors.,1,458.0,458.0,458.0,458.0,458.0,1.0,0.0
2,1,1,at,44,Because of rumors.,Because of rumors.,1,88.0,88.0,88.0,88.0,88.0,1.0,0.0
2,1,1,the,45,Because of rumors.,Because of rumors.,1,561.0,561.0,561.0,561.0,561.0,1.0,0.0
2,1,1,watch,46,Because of rumors.,Because of rumors.,1,645.0,645.0,645.0,645.0,645.0,1.0,0.0
2,1,1,face,47,Because of rumors.,Because of rumors.,1,634.0,634.0,634.0,634.0,634.0,1.0,0.0
2,1,1,to,48,Because of rumors.,Because of rumors.,1,0.0,0.0,0.0,0.0,0.0,0.0,0.0
2,1,1,view,49,Because of rumors.,Because of rumors.,1,109.0,109.0,109.0,109.0,109.0,1.0,0.0
2,1,1,the,50,Because of rumors.,Because of rumors.,1,666.0,666.0,666.0,666.0,666.0,1.0,0.0
2,1,1,artist,51,Because of rumors.,Because of rumors.,1,642.0,642.0,642.0,642.0,642.0,1.0,0.0
2,1,1,and,52,Because of rumors.,Because of rumors.,1,71.0,71.0,71.0,71.0,71.0,1.0,0.0
2,1,1,title,53,Because of rumors.,Because of rumors.,1,536.0,536.0,536.0,536.0,536.0,1.0,0.0
2,1,1,of,54,Because of rumors.,Because of rumors.,1,0.0,0.0,0.0,0.0,0.0,0.0,0.0
2,1,1,a,55,Because of rumors.,Because of rumors.,1,0.0,0.0,0.0,0.0,0.0,0.0,0.0
2,1,1,song.,56,Because of rumors.,Because of rumors.,1,373.0,373.0,373.0,373.0,373.0,1.0,0.0
2,1,2,Two,0,Spots on the sun.,Spots on the sun.,1,910.0,1188.0,910.0,910.0,910.0,1.0,0.0
2,1,2,days,1,Spots on the sun.,Spots on the sun.,1,448.0,448.0,448.0,448.0,448.0,1.0,0.0
2,1,2,"later,",2,Spots on the sun.,Spots on the sun.,1,551.0,858.0,551.0,551.0,551.0,1.0,0.0
2,1,2,the,3,Spots on the sun.,Spots on the sun.,1,106.0,106.0,106.0,106.0,106.0,1.0,0.0
2,1,2,British,4,Spots on the sun.,Spots on the sun.,1,532.0,532.0,532.0,532.0,532.0,1.0,0.0
2,1,2,astronomer,5,Spots on the sun.,Spots on the sun.,1,811.0,811.0,811.0,811.0,811.0,1.0,0.0
2,1,2,Richard,6,Spots on the sun.,Spots on the sun.,1,565.0,565.0,565.0,565.0,565.0,1.0,0.0
2,1,2,Carrington,7,Spots on the sun.,Spots on the sun.,1,599.0,599.0,599.0,599.0,599.0,1.0,0.0
2,1,2,was,8,Spots on the sun.,Spots on the sun.,1,634.0,634.0,634.0,634.0,634.0,1.0,0.0
2,1,2,observing,9,Spots on the sun.,Spots on the sun.,1,600.0,600.0,600.0,600.0,600.0,1.0,0.0
2,1,2,the,10,Spots on the sun.,Spots on the sun.,1,0.0,0.0,0.0,0.0,0.0,0.0,0.0
2,1,2,interesting,11,Spots on the sun.,Spots on the sun.,1,708.0,1146.0,708.0,708.0,708.0,1.0,0.0
2,1,2,sunspot,12,Spots on the sun.,Spots on the sun.,1,918.0,1856.0,918.0,918.0,918.0,1.0,0.0
2,1,2,group,13,Spots on the sun.,Spots on the sun.,1,506.0,506.0,506.0,506.0,506.0,1.0,0.0
2,1,2,through,14,Spots on the sun.,Spots on the sun.,1,594.0,594.0,594.0,594.0,594.0,1.0,0.0
2,1,2,his,15,Spots on the sun.,Spots on the sun.,1,74.0,74.0,74.0,74.0,74.0,1.0,0.0
2,1,2,telescope,16,Spots on the sun.,Spots on the sun.,1,945.0,945.0,945.0,945.0,945.0,1.0,0.0
2,1,2,when,17,Spots on the sun.,Spots on the sun.,1,492.0,492.0,492.0,492.0,492.0,1.0,0.0
2,1,2,he,18,Spots on the sun.,Spots on the sun.,1,501.0,501.0,501.0,501.0,501.0,1.0,0.0
2,1,2,saw,19,Spots on the sun.,Spots on the sun.,1,72.0,72.0,72.0,72.0,72.0,1.0,0.0
2,1,2,what,20,Spots on the sun.,Spots on the sun.,1,565.0,565.0,565.0,565.0,565.0,1.0,0.0
2,1,2,he,21,Spots on the sun.,Spots on the sun.,1,0.0,0.0,0.0,0.0,0.0,0.0,0.0
2,1,2,described,22,Spots on the sun.,Spots on the sun.,1,454.0,454.0,454.0,454.0,454.0,1.0,0.0
2,1,2,as,23,Spots on the sun.,Spots on the sun.,1,0.0,0.0,0.0,0.0,0.0,0.0,0.0
2,1,2,"""two",24,Spots on the sun.,Spots on the sun.,1,564.0,564.0,0.0,0.0,0.0,0.0,0.0
2,1,2,patches,25,Spots on the sun.,Spots on the sun.,1,312.0,312.0,0.0,0.0,0.0,0.0,0.0
2,1,2,of,26,Spots on the sun.,Spots on the sun.,1,290.0,675.0,290.0,675.0,1551.0,1.0,1.0
2,1,2,intensely,27,Spots on the sun.,Spots on the sun.,1,776.0,776.0,776.0,776.0,776.0,1.0,0.0
2,1,2,bright,28,Spots on the sun.,Spots on the sun.,1,673.0,673.0,673.0,673.0,673.0,1.0,0.0
2,1,2,and,29,Spots on the sun.,Spots on the sun.,1,0.0,0.0,0.0,0.0,0.0,0.0,0.0
2,1,2,white,30,Spots on the sun.,Spots on the sun.,1,0.0,0.0,0.0,0.0,0.0,0.0,0.0
2,1,2,"light""",31,Spots on the sun.,Spots on the sun.,1,493.0,493.0,493.0,493.0,493.0,1.0,0.0
2,1,2,over,32,Spots on the sun.,Spots on the sun.,1,0.0,0.0,0.0,0.0,0.0,0.0,0.0
2,1,2,the,33,Spots on the sun.,Spots on the sun.,1,644.0,644.0,644.0,644.0,644.0,1.0,0.0
2,1,2,sunspots.,34,Spots on the sun.,Spots on the sun.,1,1001.0,1001.0,1001.0,1001.0,1001.0,1.0,0.0
2,1,2,He,35,Spots on the sun.,Spots on the sun.,1,602.0,602.0,602.0,602.0,602.0,1.0,0.0
2,1,2,jotted,36,Spots on the sun.,Spots on the sun.,1,696.0,696.0,696.0,696.0,696.0,1.0,0.0
2,1,2,a,37,Spots on the sun.,Spots on the sun.,1,129.0,129.0,129.0,129.0,129.0,1.0,0.0
2,1,2,note,38,Spots on the sun.,Spots on the sun.,1,388.0,388.0,388.0,388.0,388.0,1.0,0.0
2,1,2,in,39,Spots on the sun.,Spots on the sun.,1,83.0,83.0,83.0,83.0,83.0,1.0,0.0
2,1,2,his,40,Spots on the sun.,Spots on the sun.,1,928.0,928.0,928.0,928.0,928.0,1.0,0.0
2,1,2,painstaking,41,Spots on the sun.,Spots on the sun.,1,730.0,730.0,730.0,730.0,730.0,1.0,0.0
2,1,2,record.,42,Spots on the sun.,Spots on the sun.,1,704.0,704.0,704.0,704.0,704.0,1.0,0.0
2,1,2,That,43,Spots on the sun.,Spots on the sun.,1,544.0,544.0,544.0,544.0,544.0,1.0,0.0
2,1,2,night,44,Spots on the sun.,Spots on the sun.,1,265.0,265.0,265.0,265.0,265.0,1.0,0.0
2,1,2,there,45,Spots on the sun.,Spots on the sun.,1,537.0,537.0,537.0,537.0,537.0,1.0,0.0
2,1,2,was,46,Spots on the sun.,Spots on the sun.,1,566.0,566.0,566.0,566.0,566.0,1.0,0.0
2,1,2,scarcely,47,Spots on the sun.,Spots on the sun.,1,653.0,653.0,653.0,653.0,653.0,1.0,0.0
2,1,2,a,48,Spots on the sun.,Spots on the sun.,1,0.0,0.0,0.0,0.0,0.0,0.0,0.0
2,1,2,square,49,Spots on the sun.,Spots on the sun.,1,722.0,722.0,722.0,722.0,722.0,1.0,0.0
2,1,2,inch,50,Spots on the sun.,Spots on the sun.,1,408.0,408.0,408.0,408.0,408.0,1.0,0.0
2,1,2,of,51,Spots on the sun.,Spots on the sun.,1,0.0,0.0,0.0,0.0,0.0,0.0,0.0
2,1,2,earth,52,Spots on the sun.,Spots on the sun.,1,0.0,0.0,0.0,0.0,0.0,0.0,0.0
2,1,2,that,53,Spots on the sun.,Spots on the sun.,1,691.0,691.0,691.0,691.0,691.0,1.0,0.0
2,1,2,was,54,Spots on the sun.,Spots on the sun.,1,0.0,0.0,0.0,0.0,0.0,0.0,0.0
2,1,2,not,55,Spots on the sun.,Spots on the sun.,1,636.0,636.0,0.0,0.0,0.0,0.0,0.0
2,1,2,illuminated,56,Spots on the sun.,Spots on the sun.,1,281.0,281.0,281.0,281.0,917.0,1.0,1.0
2,1,2,by,57,Spots on the sun.,Spots on the sun.,1,72.0,72.0,72.0,72.0,72.0,1.0,0.0
2,1,2,aurora.,58,Spots on the sun.,Spots on the sun.,1,621.0,621.0,621.0,621.0,2582.0,1.0,1.0
2,1,3,I,0,Everywhere in the United States.,Only in California.,0,621.0,621.0,621.0,621.0,621.0,1.0,0.0
2,1,3,agree,1,Everywhere in the United States.,Only in California.,0,167.0,309.0,167.0,167.0,167.0,1.0,0.0
2,1,3,that,2,Everywhere in the United States.,Only in California.,0,464.0,541.0,464.0,464.0,464.0,1.0,0.0
2,1,3,California's,3,Everywhere in the United States.,Only in California.,0,731.0,1559.0,731.0,731.0,731.0,1.0,0.0
2,1,3,"""three",4,Everywhere in the United States.,Only in California.,0,817.0,962.0,817.0,817.0,817.0,1.0,0.0
2,1,3,strikes,5,Everywhere in the United States.,Only in California.,0,502.0,933.0,502.0,502.0,502.0,1.0,0.0
2,1,3,and,6,Everywhere in the United States.,Only in California.,0,215.0,215.0,215.0,215.0,215.0,1.0,0.0
2,1,3,you're,7,Everywhere in the United States.,Only in California.,0,919.0,919.0,919.0,919.0,919.0,1.0,0.0
2,1,3,"out""",8,Everywhere in the United States.,Only in California.,0,500.0,500.0,500.0,500.0,500.0,1.0,0.0
2,1,3,law,9,Everywhere in the United States.,Only in California.,0,0.0,0.0,0.0,0.0,0.0,0.0,0.0
2,1,3,will,10,Everywhere in the United States.,Only in California.,0,0.0,0.0,0.0,0.0,0.0,0.0,0.0
2,1,3,be,11,Everywhere in the United States.,Only in California.,0,556.0,556.0,556.0,556.0,556.0,1.0,0.0
2,1,3,a,12,Everywhere in the United States.,Only in California.,0,0.0,0.0,0.0,0.0,0.0,0.0,0.0
2,1,3,financial,13,Everywhere in the United States.,Only in California.,0,616.0,616.0,616.0,616.0,616.0,1.0,0.0
2,1,3,disaster,14,Everywhere in the United States.,Only in California.,0,741.0,741.0,741.0,741.0,741.0,1.0,0.0
2,1,3,for,15,Everywhere in the United States.,Only in California.,0,142.0,142.0,142.0,142.0,142.0,1.0,0.0
2,1,3,taxpayers,16,Everywhere in the United States.,Only in California.,0,73.0,550.0,73.0,550.0,550.0,1.0,0.0
2,1,3,who,17,Everywhere in the United States.,Only in California.,0,541.0,541.0,541.0,541.0,541.0,1.0,0.0
2,1,3,care,18,Everywhere in the United States.,Only in California.,0,598.0,598.0,598.0,598.0,598.0,1.0,0.0
2,1,3,about,19,Everywhere in the United States.,Only in California.,0,618.0,618.0,618.0,618.0,618.0,1.0,0.0
2,1,3,education,20,Everywhere in the United States.,Only in California.,0,630.0,630.0,630.0,630.0,630.0,1.0,0.0
2,1,3,and,21,Everywhere in the United States.,Only in California.,0,526.0,526.0,526.0,526.0,526.0,1.0,0.0
2,1,3,other,22,Everywhere in the United States.,Only in California.,0,178.0,178.0,178.0,178.0,178.0,1.0,0.0
2,1,3,vital,23,Everywhere in the United States.,Only in California.,0,523.0,523.0,523.0,523.0,523.0,1.0,0.0
2,1,3,services.,24,Everywhere in the United States.,Only in California.,0,625.0,625.0,625.0,625.0,625.0,1.0,0.0
2,1,3,But,25,Everywhere in the United States.,Only in California.,0,691.0,691.0,691.0,691.0,691.0,1.0,0.0
2,1,3,it's,26,Everywhere in the United States.,Only in California.,0,0.0,0.0,0.0,0.0,0.0,0.0,0.0
2,1,3,far,27,Everywhere in the United States.,Only in California.,0,0.0,0.0,0.0,0.0,0.0,0.0,0.0
2,1,3,from,28,Everywhere in the United States.,Only in California.,0,629.0,629.0,629.0,629.0,629.0,1.0,0.0
2,1,3,clear,29,Everywhere in the United States.,Only in California.,0,847.0,847.0,847.0,847.0,847.0,1.0,0.0
2,1,3,that,30,Everywhere in the United States.,Only in California.,0,0.0,0.0,0.0,0.0,0.0,0.0,0.0
2,1,3,the,31,Everywhere in the United States.,Only in California.,0,436.0,436.0,436.0,436.0,436.0,1.0,0.0
2,1,3,law,32,Everywhere in the United States.,Only in California.,0,174.0,174.0,174.0,174.0,174.0,1.0,0.0
2,1,3,can,33,Everywhere in the United States.,Only in California.,0,519.0,519.0,519.0,519.0,519.0,1.0,0.0
2,1,3,even,34,Everywhere in the United States.,Only in California.,0,575.0,575.0,575.0,575.0,575.0,1.0,0.0
2,1,3,be,35,Everywhere in the United States.,Only in California.,0,147.0,147.0,147.0,147.0,147.0,1.0,0.0
2,1,3,credited,36,Everywhere in the United States.,Only in California.,0,1109.0,1109.0,1109.0,1109.0,1109.0,1.0,0.0
2,1,3,with,37,Everywhere in the United States.,Only in California.,0,176.0,176.0,176.0,176.0,176.0,1.0,0.0
2,1,3,a,38,Everywhere in the United States.,Only in California.,0,464.0,464.0,464.0,464.0,464.0,1.0,0.0
2,1,3,reduction,39,Everywhere in the United States.,Only in California.,0,651.0,651.0,651.0,651.0,651.0,1.0,0.0
2,1,3,in,40,Everywhere in the United States.,Only in California.,0,0.0,0.0,0.0,0.0,0.0,0.0,0.0
2,1,3,crime,41,Everywhere in the United States.,Only in California.,0,215.0,215.0,215.0,215.0,215.0,1.0,0.0
2,1,3,in,42,Everywhere in the United States.,Only in California.,0,416.0,416.0,416.0,416.0,416.0,1.0,0.0
2,1,3,California.,43,Everywhere in the United States.,Only in California.,0,599.0,599.0,599.0,599.0,599.0,1.0,0.0
2,1,3,While,44,Everywhere in the United States.,Only in California.,0,629.0,629.0,629.0,629.0,629.0,1.0,0.0
2,1,3,it's,45,Everywhere in the United States.,Only in California.,0,474.0,474.0,474.0,474.0,474.0,1.0,0.0
2,1,3,true,46,Everywhere in the United States.,Only in California.,0,103.0,103.0,103.0,103.0,103.0,1.0,0.0
2,1,3,that,47,Everywhere in the United States.,Only in California.,0,206.0,206.0,206.0,206.0,206.0,1.0,0.0
2,1,3,crime,48,Everywhere in the United States.,Only in California.,0,640.0,640.0,0.0,0.0,0.0,0.0,0.0
2,1,3,declined,49,Everywhere in the United States.,Only in California.,0,341.0,1099.0,341.0,1099.0,1739.0,1.0,1.0
2,1,3,in,50,Everywhere in the United States.,Only in California.,0,0.0,0.0,0.0,0.0,0.0,0.0,0.0
2,1,3,California,51,Everywhere in the United States.,Only in California.,0,648.0,648.0,648.0,648.0,648.0,1.0,0.0
2,1,3,last,52,Everywhere in the United States.,Only in California.,0,517.0,517.0,517.0,517.0,517.0,1.0,0.0
2,1,3,"year,",53,Everywhere in the United States.,Only in California.,0,152.0,152.0,152.0,152.0,152.0,1.0,0.0
2,1,3,crime,54,Everywhere in the United States.,Only in California.,0,485.0,485.0,485.0,485.0,485.0,1.0,0.0
2,1,3,also,55,Everywhere in the United States.,Only in California.,0,547.0,547.0,547.0,547.0,547.0,1.0,0.0
2,1,3,dropped,56,Everywhere in the United States.,Only in California.,0,601.0,601.0,601.0,601.0,601.0,1.0,0.0
2,1,3,nationwide.,57,Everywhere in the United States.,Only in California.,0,343.0,343.0,343.0,343.0,1966.0,1.0,1.0
2,1,4,Liza,0,Because her work is interrupted needlessly.,Because her work is interrupted needlessly.,1,1647.0,1647.0,1647.0,1647.0,1647.0,1.0,0.0
2,1,4,was,1,Because her work is interrupted needlessly.,Because her work is interrupted needlessly.,1,648.0,648.0,648.0,648.0,648.0,1.0,0.0
2,1,4,in,2,Because her work is interrupted needlessly.,Because her work is interrupted needlessly.,1,0.0,0.0,0.0,0.0,0.0,0.0,0.0
2,1,4,a,3,Because her work is interrupted needlessly.,Because her work is interrupted needlessly.,1,72.0,72.0,72.0,72.0,72.0,1.0,0.0
2,1,4,bad,4,Because her work is interrupted needlessly.,Because her work is interrupted needlessly.,1,594.0,594.0,594.0,594.0,594.0,1.0,0.0
2,1,4,"temper,",5,Because her work is interrupted needlessly.,Because her work is interrupted needlessly.,1,634.0,634.0,634.0,634.0,634.0,1.0,0.0
2,1,4,for,6,Because her work is interrupted needlessly.,Because her work is interrupted needlessly.,1,463.0,463.0,463.0,463.0,463.0,1.0,0.0
2,1,4,she,7,Because her work is interrupted needlessly.,Because her work is interrupted needlessly.,1,718.0,718.0,718.0,718.0,718.0,1.0,0.0
2,1,4,was,8,Because her work is interrupted needlessly.,Because her work is interrupted needlessly.,1,548.0,548.0,548.0,548.0,548.0,1.0,0.0
2,1,4,mixing,9,Because her work is interrupted needlessly.,Because her work is interrupted needlessly.,1,529.0,529.0,529.0,529.0,529.0,1.0,0.0
2,1,4,the,10,Because her work is interrupted needlessly.,Because her work is interrupted needlessly.,1,71.0,71.0,71.0,71.0,71.0,1.0,0.0
2,1,4,Christmas,11,Because her work is interrupted needlessly.,Because her work is interrupted needlessly.,1,1127.0,1914.0,1127.0,1127.0,1127.0,1.0,0.0
2,1,4,puddings,12,Because her work is interrupted needlessly.,Because her work is interrupted needlessly.,1,704.0,1255.0,704.0,704.0,704.0,1.0,0.0
2,1,4,in,13,Because her work is interrupted needlessly.,Because her work is interrupted needlessly.,1,371.0,371.0,371.0,371.0,371.0,1.0,0.0
2,1,4,the,14,Because her work is interrupted needlessly.,Because her work is interrupted needlessly.,1,118.0,241.0,118.0,118.0,118.0,1.0,0.0
2,1,4,"kitchen,",15,Because her work is interrupted needlessly.,Because her work is interrupted needlessly.,1,322.0,566.0,322.0,322.0,322.0,1.0,0.0
2,1,4,and,16,Because her work is interrupted needlessly.,Because her work is interrupted needlessly.,1,733.0,1295.0,0.0,0.0,0.0,0.0,0.0
2,1,4,had,17,Because her work is interrupted needlessly.,Because her work is interrupted needlessly.,1,148.0,373.0,0.0,0.0,0.0,0.0,0.0
2,1,4,been,18,Because her work is interrupted needlessly.,Because her work is interrupted needlessly.,1,516.0,783.0,0.0,0.0,0.0,0.0,0.0
2,1,4,drawn,19,Because her work is interrupted needlessly.,Because her work is interrupted needlessly.,1,703.0,1272.0,0.0,0.0,0.0,0.0,0.0
2,1,4,from,20,Because her work is interrupted needlessly.,Because her work is interrupted needlessly.,1,324.0,1245.0,324.0,324.0,324.0,1.0,0.0
2,1,4,"them,",21,Because her work is interrupted needlessly.,Because her work is interrupted needlessly.,1,758.0,857.0,0.0,0.0,0.0,0.0,0.0
2,1,4,with,22,Because her work is interrupted needlessly.,Because her work is interrupted needlessly.,1,650.0,650.0,0.0,0.0,0.0,0.0,0.0
2,1,4,a,23,Because her work is interrupted needlessly.,Because her work is interrupted needlessly.,1,0.0,0.0,0.0,0.0,0.0,0.0,0.0
2,1,4,raisin,24,Because her work is interrupted needlessly.,Because her work is interrupted needlessly.,1,888.0,1475.0,0.0,0.0,0.0,0.0,0.0
2,1,4,still,25,Because her work is interrupted needlessly.,Because her work is interrupted needlessly.,1,221.0,221.0,0.0,0.0,0.0,0.0,0.0
2,1,4,on,26,Because her work is interrupted needlessly.,Because her work is interrupted needlessly.,1,379.0,379.0,0.0,0.0,0.0,0.0,0.0
2,1,4,her,27,Because her work is interrupted needlessly.,Because her work is interrupted needlessly.,1,492.0,492.0,0.0,0.0,0.0,0.0,0.0
2,1,4,"cheek,",28,Because her work is interrupted needlessly.,Because her work is interrupted needlessly.,1,125.0,125.0,0.0,0.0,0.0,0.0,0.0
2,1,4,by,29,Because her work is interrupted needlessly.,Because her work is interrupted needlessly.,1,906.0,906.0,0.0,0.0,0.0,0.0,0.0
2,1,4,Nana's,30,Because her work is interrupted needlessly.,Because her work is interrupted needlessly.,1,872.0,872.0,0.0,0.0,0.0,0.0,0.0
2,1,4,absurd,31,Because her work is interrupted needlessly.,Because her work is interrupted needlessly.,1,431.0,431.0,0.0,0.0,0.0,0.0,0.0
2,1,4,suspicions.,32,Because her work is interrupted needlessly.,Because her work is interrupted needlessly.,1,280.0,1100.0,280.0,1100.0,13857.0,1.0,1.0
2,1,4,She,33,Because her work is interrupted needlessly.,Because her work is interrupted needlessly.,1,1539.0,1539.0,1539.0,1539.0,1539.0,1.0,0.0
2,1,4,thought,34,Because her work is interrupted needlessly.,Because her work is interrupted needlessly.,1,649.0,649.0,649.0,649.0,649.0,1.0,0.0
2,1,4,the,35,Because her work is interrupted needlessly.,Because her work is interrupted needlessly.,1,94.0,94.0,94.0,94.0,94.0,1.0,0.0
2,1,4,best,36,Because her work is interrupted needlessly.,Because her work is interrupted needlessly.,1,648.0,648.0,648.0,648.0,648.0,1.0,0.0
2,1,4,way,37,Because her work is interrupted needlessly.,Because her work is interrupted needlessly.,1,501.0,501.0,501.0,501.0,501.0,1.0,0.0
2,1,4,of,38,Because her work is interrupted needlessly.,Because her work is interrupted needlessly.,1,0.0,0.0,0.0,0.0,0.0,0.0,0.0
2,1,4,getting,39,Because her work is interrupted needlessly.,Because her work is interrupted needlessly.,1,592.0,592.0,592.0,592.0,592.0,1.0,0.0
2,1,4,a,40,Because her work is interrupted needlessly.,Because her work is interrupted needlessly.,1,0.0,0.0,0.0,0.0,0.0,0.0,0.0
2,1,4,little,41,Because her work is interrupted needlessly.,Because her work is interrupted needlessly.,1,627.0,627.0,627.0,627.0,627.0,1.0,0.0
2,1,4,quiet,42,Because her work is interrupted needlessly.,Because her work is interrupted needlessly.,1,623.0,623.0,623.0,623.0,623.0,1.0,0.0
2,1,4,was,43,Because her work is interrupted needlessly.,Because her work is interrupted needlessly.,1,0.0,0.0,0.0,0.0,0.0,0.0,0.0
2,1,4,to,44,Because her work is interrupted needlessly.,Because her work is interrupted needlessly.,1,100.0,100.0,100.0,100.0,100.0,1.0,0.0
2,1,4,take,45,Because her work is interrupted needlessly.,Because her work is interrupted needlessly.,1,652.0,652.0,652.0,652.0,652.0,1.0,0.0
2,1,4,Nana,46,Because her work is interrupted needlessly.,Because her work is interrupted needlessly.,1,622.0,622.0,622.0,622.0,622.0,1.0,0.0
2,1,4,to,47,Because her work is interrupted needlessly.,Because her work is interrupted needlessly.,1,249.0,249.0,249.0,249.0,249.0,1.0,0.0
2,1,4,the,48,Because her work is interrupted needlessly.,Because her work is interrupted needlessly.,1,101.0,101.0,101.0,101.0,101.0,1.0,0.0
2,1,4,nursery,49,Because her work is interrupted needlessly.,Because her work is interrupted needlessly.,1,822.0,822.0,822.0,822.0,822.0,1.0,0.0
2,1,4,for,50,Because her work is interrupted needlessly.,Because her work is interrupted needlessly.,1,280.0,280.0,280.0,280.0,280.0,1.0,0.0
2,1,4,a,51,Because her work is interrupted needlessly.,Because her work is interrupted needlessly.,1,296.0,296.0,296.0,296.0,296.0,1.0,0.0
2,1,4,"moment,",52,Because her work is interrupted needlessly.,Because her work is interrupted needlessly.,1,862.0,862.0,862.0,862.0,862.0,1.0,0.0
2,1,4,but,53,Because her work is interrupted needlessly.,Because her work is interrupted needlessly.,1,566.0,566.0,566.0,566.0,566.0,1.0,0.0
2,1,4,in,54,Because her work is interrupted needlessly.,Because her work is interrupted needlessly.,1,0.0,0.0,0.0,0.0,0.0,0.0,0.0
2,1,4,custody,55,Because her work is interrupted needlessly.,Because her work is interrupted needlessly.,1,490.0,490.0,490.0,490.0,490.0,1.0,0.0
2,1,4,of,56,Because her work is interrupted needlessly.,Because her work is interrupted needlessly.,1,200.0,200.0,200.0,200.0,200.0,1.0,0.0
2,1,4,course.,57,Because her work is interrupted needlessly.,Because her work is interrupted needlessly.,1,574.0,574.0,574.0,574.0,574.0,1.0,0.0
2,1,5,Mrs.,0,No,No,1,215.0,488.0,215.0,215.0,215.0,1.0,0.0
2,1,5,Darling,1,No,No,1,200.0,413.0,200.0,200.0,200.0,1.0,0.0
2,1,5,quivered,2,No,No,1,1017.0,1585.0,1017.0,1017.0,1017.0,1.0,0.0
2,1,5,and,3,No,No,1,127.0,127.0,127.0,127.0,127.0,1.0,0.0
2,1,5,went,4,No,No,1,436.0,436.0,436.0,436.0,436.0,1.0,0.0
2,1,5,to,5,No,No,1,0.0,0.0,0.0,0.0,0.0,0.0,0.0
2,1,5,the,6,No,No,1,0.0,0.0,0.0,0.0,0.0,0.0,0.0
2,1,5,window.,7,No,No,1,578.0,1041.0,578.0,578.0,578.0,1.0,0.0
2,1,5,It,8,No,No,1,0.0,0.0,0.0,0.0,0.0,0.0,0.0
2,1,5,was,9,No,No,1,186.0,186.0,0.0,0.0,0.0,0.0,0.0
2,1,5,securely,10,No,No,1,764.0,1710.0,764.0,764.0,764.0,1.0,0.0
2,1,5,fastened.,11,No,No,1,174.0,174.0,174.0,174.0,174.0,1.0,0.0
2,1,5,She,12,No,No,1,441.0,441.0,441.0,441.0,441.0,1.0,0.0
2,1,5,looked,13,No,No,1,248.0,248.0,248.0,248.0,248.0,1.0,0.0
2,1,5,"out,",14,No,No,1,98.0,557.0,0.0,0.0,0.0,0.0,0.0
2,1,5,and,15,No,No,1,271.0,943.0,0.0,0.0,0.0,0.0,0.0
2,1,5,the,16,No,No,1,268.0,465.0,268.0,465.0,943.0,1.0,1.0
2,1,5,night,17,No,No,1,586.0,724.0,586.0,586.0,586.0,1.0,0.0
2,1,5,was,18,No,No,1,127.0,407.0,127.0,127.0,127.0,1.0,0.0
2,1,5,peppered,19,No,No,1,651.0,1219.0,651.0,651.0,651.0,1.0,0.0
2,1,5,with,20,No,No,1,639.0,970.0,639.0,639.0,639.0,1.0,0.0
2,1,5,stars.,21,No,No,1,596.0,723.0,596.0,596.0,596.0,1.0,0.0
2,1,5,They,22,No,No,1,0.0,0.0,0.0,0.0,0.0,0.0,0.0
2,1,5,were,23,No,No,1,619.0,619.0,619.0,619.0,619.0,1.0,0.0
2,1,5,crowding,24,No,No,1,917.0,917.0,917.0,917.0,917.0,1.0,0.0
2,1,5,round,25,No,No,1,162.0,162.0,162.0,162.0,162.0,1.0,0.0
2,1,5,the,26,No,No,1,518.0,518.0,518.0,518.0,518.0,1.0,0.0
2,1,5,"house,",27,No,No,1,977.0,977.0,977.0,977.0,977.0,1.0,0.0
2,1,5,as,28,No,No,1,0.0,0.0,0.0,0.0,0.0,0.0,0.0
2,1,5,if,29,No,No,1,0.0,0.0,0.0,0.0,0.0,0.0,0.0
2,1,5,curious,30,No,No,1,624.0,709.0,0.0,0.0,0.0,0.0,0.0
2,1,5,to,31,No,No,1,149.0,330.0,0.0,0.0,0.0,0.0,0.0
2,1,5,see,32,No,No,1,204.0,204.0,0.0,0.0,0.0,0.0,0.0
2,1,5,what,33,No,No,1,420.0,420.0,0.0,0.0,0.0,0.0,0.0
2,1,5,was,34,No,No,1,287.0,952.0,287.0,952.0,2349.0,1.0,1.0
2,1,5,to,35,No,No,1,88.0,88.0,88.0,88.0,88.0,1.0,0.0
2,1,5,take,36,No,No,1,629.0,629.0,629.0,629.0,629.0,1.0,0.0
2,1,5,place,37,No,No,1,146.0,146.0,146.0,146.0,146.0,1.0,0.0
2,1,5,"there,",38,No,No,1,536.0,536.0,536.0,536.0,536.0,1.0,0.0
2,1,5,but,39,No,No,1,116.0,116.0,116.0,116.0,116.0,1.0,0.0
2,1,5,she,40,No,No,1,500.0,500.0,500.0,500.0,500.0,1.0,0.0
2,1,5,did,41,No,No,1,0.0,0.0,0.0,0.0,0.0,0.0,0.0
2,1,5,not,42,No,No,1,0.0,0.0,0.0,0.0,0.0,0.0,0.0
2,1,5,notice,43,No,No,1,622.0,622.0,622.0,622.0,622.0,1.0,0.0
2,1,5,"this,",44,No,No,1,119.0,119.0,119.0,119.0,119.0,1.0,0.0
2,1,5,nor,45,No,No,1,681.0,681.0,681.0,681.0,681.0,1.0,0.0
2,1,5,that,46,No,No,1,113.0,113.0,113.0,113.0,113.0,1.0,0.0
2,1,5,one,47,No,No,1,332.0,332.0,332.0,332.0,332.0,1.0,0.0
2,1,5,or,48,No,No,1,0.0,0.0,0.0,0.0,0.0,0.0,0.0
2,1,5,two,49,No,No,1,0.0,0.0,0.0,0.0,0.0,0.0,0.0
2,1,5,of,50,No,No,1,0.0,0.0,0.0,0.0,0.0,0.0,0.0
2,1,5,the,51,No,No,1,0.0,0.0,0.0,0.0,0.0,0.0,0.0
2,1,5,smaller,52,No,No,1,357.0,357.0,357.0,357.0,357.0,1.0,0.0
2,1,5,ones,53,No,No,1,567.0,567.0,567.0,567.0,567.0,1.0,0.0
2,1,5,winked,54,No,No,1,194.0,194.0,194.0,194.0,194.0,1.0,0.0
2,1,5,at,55,No,No,1,376.0,376.0,376.0,376.0,5757.0,1.0,1.0
2,1,5,her.,56,No,No,1,0.0,0.0,0.0,0.0,0.0,0.0,0.0
2,1,6,Seeing,0,He was afraid of Peter and his dagger.,He was afraid of Peter and his dagger.,1,706.0,706.0,706.0,706.0,706.0,1.0,0.0
2,1,6,Peter,1,He was afraid of Peter and his dagger.,He was afraid of Peter and his dagger.,1,469.0,469.0,469.0,469.0,469.0,1.0,0.0
2,1,6,slowly,2,He was afraid of Peter and his dagger.,He was afraid of Peter and his dagger.,1,549.0,549.0,549.0,549.0,549.0,1.0,0.0
2,1,6,advancing,3,He was afraid of Peter and his dagger.,He was afraid of Peter and his dagger.,1,626.0,626.0,626.0,626.0,626.0,1.0,0.0
2,1,6,upon,4,He was afraid of Peter and his dagger.,He was afraid of Peter and his dagger.,1,629.0,629.0,629.0,629.0,629.0,1.0,0.0
2,1,6,him,5,He was afraid of Peter and his dagger.,He was afraid of Peter and his dagger.,1,258.0,258.0,258.0,258.0,258.0,1.0,0.0
2,1,6,through,6,He was afraid of Peter and his dagger.,He was afraid of Peter and his dagger.,1,1049.0,1049.0,1049.0,1049.0,1049.0,1.0,0.0
2,1,6,the,7,He was afraid of Peter and his dagger.,He was afraid of Peter and his dagger.,1,0.0,0.0,0.0,0.0,0.0,0.0,0.0
2,1,6,air,8,He was afraid of Peter and his dagger.,He was afraid of Peter and his dagger.,1,0.0,0.0,0.0,0.0,0.0,0.0,0.0
2,1,6,with,9,He was afraid of Peter and his dagger.,He was afraid of Peter and his dagger.,1,698.0,698.0,698.0,698.0,698.0,1.0,0.0
2,1,6,dagger,10,He was afraid of Peter and his dagger.,He was afraid of Peter and his dagger.,1,392.0,392.0,392.0,392.0,392.0,1.0,0.0
2,1,6,"poised,",11,He was afraid of Peter and his dagger.,He was afraid of Peter and his dagger.,1,682.0,682.0,682.0,682.0,682.0,1.0,0.0
2,1,6,he,12,He was afraid of Peter and his dagger.,He was afraid of Peter and his dagger.,1,379.0,379.0,379.0,379.0,379.0,1.0,0.0
2,1,6,sprang,13,He was afraid of Peter and his dagger.,He was afraid of Peter and his dagger.,1,498.0,498.0,498.0,498.0,498.0,1.0,0.0
2,1,6,upon,14,He was afraid of Peter and his dagger.,He was afraid of Peter and his dagger.,1,850.0,850.0,850.0,850.0,850.0,1.0,0.0
2,1,6,the,15,He was afraid of Peter and his dagger.,He was afraid of Peter and his dagger.,1,406.0,406.0,406.0,406.0,406.0,1.0,0.0
2,1,6,bulwarks,16,He was afraid of Peter and his dagger.,He was afraid of Peter and his dagger.,1,879.0,879.0,879.0,879.0,879.0,1.0,0.0
2,1,6,to,17,He was afraid of Peter and his dagger.,He was afraid of Peter and his dagger.,1,115.0,115.0,115.0,115.0,115.0,1.0,0.0
2,1,6,cast,18,He was afraid of Peter and his dagger.,He was afraid of Peter and his dagger.,1,576.0,576.0,576.0,576.0,576.0,1.0,0.0
2,1,6,himself,19,He was afraid of Peter and his dagger.,He was afraid of Peter and his dagger.,1,645.0,645.0,645.0,645.0,645.0,1.0,0.0
2,1,6,into,20,He was afraid of Peter and his dagger.,He was afraid of Peter and his dagger.,1,0.0,0.0,0.0,0.0,0.0,0.0,0.0
2,1,6,the,21,He was afraid of Peter and his dagger.,He was afraid of Peter and his dagger.,1,166.0,166.0,166.0,166.0,166.0,1.0,0.0
2,1,6,sea.,22,He was afraid of Peter and his dagger.,He was afraid of Peter and his dagger.,1,481.0,481.0,481.0,481.0,481.0,1.0,0.0
2,1,6,He,23,He was afraid of Peter and his dagger.,He was afraid of Peter and his dagger.,1,0.0,0.0,0.0,0.0,0.0,0.0,0.0
2,1,6,did,24,He was afraid of Peter and his dagger.,He was afraid of Peter and his dagger.,1,791.0,791.0,791.0,791.0,791.0,1.0,0.0
2,1,6,not,25,He was afraid of Peter and his dagger.,He was afraid of Peter and his dagger.,1,87.0,87.0,87.0,87.0,87.0,1.0,0.0
2,1,6,know,26,He was afraid of Peter and his dagger.,He was afraid of Peter and his dagger.,1,567.0,567.0,567.0,567.0,567.0,1.0,0.0
2,1,6,that,27,He was afraid of Peter and his dagger.,He was afraid of Peter and his dagger.,1,0.0,0.0,0.0,0.0,0.0,0.0,0.0
2,1,6,the,28,He was afraid of Peter and his dagger.,He was afraid of Peter and his dagger.,1,122.0,122.0,122.0,122.0,122.0,1.0,0.0
2,1,6,crocodile,29,He was afraid of Peter and his dagger.,He was afraid of Peter and his dagger.,1,686.0,686.0,686.0,686.0,686.0,1.0,0.0
2,1,6,was,30,He was afraid of Peter and his dagger.,He was afraid of Peter and his dagger.,1,389.0,389.0,389.0,389.0,389.0,1.0,0.0
2,1,6,waiting,31,He was afraid of Peter and his dagger.,He was afraid of Peter and his dagger.,1,524.0,524.0,524.0,524.0,524.0,1.0,0.0
2,1,6,for,32,He was afraid of Peter and his dagger.,He was afraid of Peter and his dagger.,1,0.0,0.0,0.0,0.0,0.0,0.0,0.0
2,1,6,him;,33,He was afraid of Peter and his dagger.,He was afraid of Peter and his dagger.,1,663.0,663.0,663.0,663.0,663.0,1.0,0.0
2,1,6,for,34,He was afraid of Peter and his dagger.,He was afraid of Peter and his dagger.,1,90.0,90.0,90.0,90.0,90.0,1.0,0.0
2,1,6,we,35,He was afraid of Peter and his dagger.,He was afraid of Peter and his dagger.,1,667.0,667.0,667.0,667.0,667.0,1.0,0.0
2,1,6,purposely,36,He was afraid of Peter and his dagger.,He was afraid of Peter and his dagger.,1,1002.0,1002.0,1002.0,1002.0,1002.0,1.0,0.0
2,1,6,stopped,37,He was afraid of Peter and his dagger.,He was afraid of Peter and his dagger.,1,677.0,677.0,677.0,677.0,677.0,1.0,0.0
2,1,6,the,38,He was afraid of Peter and his dagger.,He was afraid of Peter and his dagger.,1,73.0,73.0,73.0,73.0,73.0,1.0,0.0
2,1,6,clock,39,He was afraid of Peter and his dagger.,He was afraid of Peter and his dagger.,1,623.0,623.0,623.0,623.0,623.0,1.0,0.0
2,1,6,that,40,He was afraid of Peter and his dagger.,He was afraid of Peter and his dagger.,1,80.0,80.0,80.0,80.0,80.0,1.0,0.0
2,1,6,this,41,He was afraid of Peter and his dagger.,He was afraid of Peter and his dagger.,1,547.0,547.0,547.0,547.0,547.0,1.0,0.0
2,1,6,knowledge,42,He was afraid of Peter and his dagger.,He was afraid of Peter and his dagger.,1,973.0,973.0,973.0,973.0,973.0,1.0,0.0
2,1,6,might,43,He was afraid of Peter and his dagger.,He was afraid of Peter and his dagger.,1,100.0,100.0,100.0,100.0,100.0,1.0,0.0
2,1,6,be,44,He was afraid of Peter and his dagger.,He was afraid of Peter and his dagger.,1,0.0,0.0,0.0,0.0,0.0,0.0,0.0
2,1,6,spared,45,He was afraid of Peter and his dagger.,He was afraid of Peter and his dagger.,1,627.0,627.0,627.0,627.0,627.0,1.0,0.0
2,1,6,him:,46,He was afraid of Peter and his dagger.,He was afraid of Peter and his dagger.,1,0.0,0.0,0.0,0.0,0.0,0.0,0.0
2,1,6,a,47,He was afraid of Peter and his dagger.,He was afraid of Peter and his dagger.,1,202.0,202.0,202.0,202.0,202.0,1.0,0.0
2,1,6,little,48,He was afraid of Peter and his dagger.,He was afraid of Peter and his dagger.,1,275.0,275.0,275.0,275.0,275.0,1.0,0.0
2,1,6,mark,49,He was afraid of Peter and his dagger.,He was afraid of Peter and his dagger.,1,423.0,423.0,423.0,423.0,423.0,1.0,0.0
2,1,6,of,50,He was afraid of Peter and his dagger.,He was afraid of Peter and his dagger.,1,0.0,0.0,0.0,0.0,0.0,0.0,0.0
2,1,6,respect,51,He was afraid of Peter and his dagger.,He was afraid of Peter and his dagger.,1,771.0,771.0,771.0,771.0,771.0,1.0,0.0
2,1,6,from,52,He was afraid of Peter and his dagger.,He was afraid of Peter and his dagger.,1,377.0,377.0,377.0,377.0,377.0,1.0,0.0
2,1,6,us,53,He was afraid of Peter and his dagger.,He was afraid of Peter and his dagger.,1,397.0,397.0,397.0,397.0,397.0,1.0,0.0
2,1,6,at,54,He was afraid of Peter and his dagger.,He was afraid of Peter and his dagger.,1,75.0,75.0,75.0,75.0,75.0,1.0,0.0
2,1,6,the,55,He was afraid of Peter and his dagger.,He was afraid of Peter and his dagger.,1,601.0,601.0,601.0,601.0,601.0,1.0,0.0
2,1,6,end.,56,He was afraid of Peter and his dagger.,He was afraid of Peter and his dagger.,1,124.0,124.0,124.0,124.0,124.0,1.0,0.0
2,1,7,Dorothy,0,At a crossroads.,Near a farm-house.,0,859.0,859.0,859.0,859.0,859.0,1.0,0.0
2,1,7,didn't,1,At a crossroads.,Near a farm-house.,0,439.0,439.0,439.0,439.0,439.0,1.0,0.0
2,1,7,know.,2,At a crossroads.,Near a farm-house.,0,89.0,89.0,89.0,89.0,89.0,1.0,0.0
2,1,7,She,3,At a crossroads.,Near a farm-house.,0,331.0,331.0,331.0,331.0,331.0,1.0,0.0
2,1,7,looked,4,At a crossroads.,Near a farm-house.,0,433.0,433.0,433.0,433.0,433.0,1.0,0.0
2,1,7,around,5,At a crossroads.,Near a farm-house.,0,744.0,744.0,744.0,744.0,744.0,1.0,0.0
2,1,7,her,6,At a crossroads.,Near a farm-house.,0,191.0,732.0,191.0,191.0,191.0,1.0,0.0
2,1,7,anxiously,7,At a crossroads.,Near a farm-house.,0,882.0,955.0,882.0,955.0,1496.0,1.0,1.0
2,1,7,for,8,At a crossroads.,Near a farm-house.,0,98.0,98.0,98.0,98.0,98.0,1.0,0.0
2,1,7,some,9,At a crossroads.,Near a farm-house.,0,720.0,720.0,720.0,720.0,720.0,1.0,0.0
2,1,7,familiar,10,At a crossroads.,Near a farm-house.,0,124.0,124.0,124.0,124.0,124.0,1.0,0.0
2,1,7,landmark;,11,At a crossroads.,Near a farm-house.,0,0.0,0.0,0.0,0.0,0.0,0.0,0.0
2,1,7,but,12,At a crossroads.,Near a farm-house.,0,0.0,0.0,0.0,0.0,0.0,0.0,0.0
2,1,7,everything,13,At a crossroads.,Near a farm-house.,0,742.0,742.0,742.0,742.0,742.0,1.0,0.0
2,1,7,was,14,At a crossroads.,Near a farm-house.,0,0.0,0.0,0.0,0.0,0.0,0.0,0.0
2,1,7,strange.,15,At a crossroads.,Near a farm-house.,0,947.0,947.0,947.0,947.0,947.0,1.0,0.0
2,1,7,Between,16,At a crossroads.,Near a farm-house.,0,851.0,851.0,851.0,851.0,851.0,1.0,0.0
2,1,7,the,17,At a crossroads.,Near a farm-house.,0,572.0,572.0,572.0,572.0,572.0,1.0,0.0
2,1,7,branches,18,At a crossroads.,Near a farm-house.,0,709.0,709.0,709.0,709.0,709.0,1.0,0.0
2,1,7,of,19,At a crossroads.,Near a farm-house.,0,0.0,0.0,0.0,0.0,0.0,0.0,0.0
2,1,7,the,20,At a crossroads.,Near a farm-house.,0,600.0,600.0,600.0,600.0,600.0,1.0,0.0
2,1,7,many,21,At a crossroads.,Near a farm-house.,0,148.0,148.0,148.0,148.0,148.0,1.0,0.0
2,1,7,roads,22,At a crossroads.,Near a farm-house.,0,79.0,79.0,79.0,79.0,79.0,1.0,0.0
2,1,7,were,23,At a crossroads.,Near a farm-house.,0,678.0,678.0,678.0,678.0,678.0,1.0,0.0
2,1,7,green,24,At a crossroads.,Near a farm-house.,0,0.0,0.0,0.0,0.0,0.0,0.0,0.0
2,1,7,meadows,25,At a crossroads.,Near a farm-house.,0,113.0,335.0,0.0,0.0,0.0,0.0,0.0
2,1,7,and,26,At a crossroads.,Near a farm-house.,0,284.0,1156.0,284.0,1156.0,1491.0,1.0,1.0
2,1,7,a,27,At a crossroads.,Near a farm-house.,0,0.0,0.0,0.0,0.0,0.0,0.0,0.0
2,1,7,few,28,At a crossroads.,Near a farm-house.,0,202.0,202.0,202.0,202.0,202.0,1.0,0.0
2,1,7,shrubs,29,At a crossroads.,Near a farm-house.,0,861.0,861.0,861.0,861.0,861.0,1.0,0.0
2,1,7,and,30,At a crossroads.,Near a farm-house.,0,489.0,719.0,489.0,489.0,489.0,1.0,0.0
2,1,7,"trees,",31,At a crossroads.,Near a farm-house.,0,1105.0,1105.0,1105.0,1105.0,1105.0,1.0,0.0
2,1,7,but,32,At a crossroads.,Near a farm-house.,0,123.0,123.0,123.0,123.0,123.0,1.0,0.0
2,1,7,she,33,At a crossroads.,Near a farm-house.,0,698.0,698.0,698.0,698.0,698.0,1.0,0.0
2,1,7,couldn't,34,At a crossroads.,Near a farm-house.,0,248.0,248.0,248.0,248.0,248.0,1.0,0.0
2,1,7,see,35,At a crossroads.,Near a farm-house.,0,540.0,540.0,540.0,540.0,540.0,1.0,0.0
2,1,7,the,36,At a crossroads.,Near a farm-house.,0,0.0,0.0,0.0,0.0,0.0,0.0,0.0
2,1,7,farm-house,37,At a crossroads.,Near a farm-house.,0,1087.0,1087.0,1087.0,1087.0,1087.0,1.0,0.0
2,1,7,from,38,At a crossroads.,Near a farm-house.,0,238.0,238.0,238.0,238.0,238.0,1.0,0.0
2,1,7,which,39,At a crossroads.,Near a farm-house.,0,328.0,328.0,328.0,328.0,558.0,1.0,1.0
2,1,7,she,40,At a crossroads.,Near a farm-house.,0,83.0,285.0,83.0,83.0,83.0,1.0,0.0
2,1,7,had,41,At a crossroads.,Near a farm-house.,0,325.0,427.0,325.0,427.0,629.0,1.0,1.0
2,1,7,just,42,At a crossroads.,Near a farm-house.,0,422.0,422.0,422.0,422.0,422.0,1.0,0.0
2,1,7,"come,",43,At a crossroads.,Near a farm-house.,0,0.0,0.0,0.0,0.0,0.0,0.0,0.0
2,1,7,or,44,At a crossroads.,Near a farm-house.,0,0.0,0.0,0.0,0.0,0.0,0.0,0.0
2,1,7,anything,45,At a crossroads.,Near a farm-house.,0,719.0,719.0,719.0,719.0,719.0,1.0,0.0
2,1,7,she,46,At a crossroads.,Near a farm-house.,0,426.0,426.0,426.0,426.0,426.0,1.0,0.0
2,1,7,had,47,At a crossroads.,Near a farm-house.,0,0.0,0.0,0.0,0.0,0.0,0.0,0.0
2,1,7,ever,48,At a crossroads.,Near a farm-house.,0,164.0,164.0,164.0,164.0,164.0,1.0,0.0
2,1,7,seen,49,At a crossroads.,Near a farm-house.,0,546.0,546.0,546.0,546.0,546.0,1.0,0.0
2,1,7,"before,",50,At a crossroads.,Near a farm-house.,0,566.0,566.0,566.0,566.0,566.0,1.0,0.0
2,1,7,except,51,At a crossroads.,Near a farm-house.,0,588.0,588.0,588.0,588.0,588.0,1.0,0.0
2,1,7,the,52,At a crossroads.,Near a farm-house.,0,87.0,87.0,87.0,87.0,87.0,1.0,0.0
2,1,7,shaggy,53,At a crossroads.,Near a farm-house.,0,148.0,273.0,148.0,273.0,273.0,1.0,0.0
2,1,7,man,54,At a crossroads.,Near a farm-house.,0,177.0,177.0,177.0,177.0,177.0,1.0,0.0
2,1,7,and,55,At a crossroads.,Near a farm-house.,0,0.0,0.0,0.0,0.0,0.0,0.0,0.0
2,1,7,Toto.,56,At a crossroads.,Near a farm-house.,0,275.0,275.0,275.0,275.0,275.0,1.0,0.0
